product_id,name,quantity,discount,category_id
1,"Tortillas - Flour, 8",9,1.0,1
2,Puree - Raspberry,6,0.5,1
3,"Beef - Ground, Extra Lean, Fresh",27,0.2,1
4,Mayonnaise - Individual Pkg,13,0.3,1
5,Appetizer - Asian Shrimp Roll,7,0.6,1
6,Cake - Sheet Strawberry,24,0.8,1
7,"Flour - Corn, Fine",42,0.2,1
8,Wine - Kwv Chenin Blanc South,40,0.4,1
9,"Pork - Bacon, Double Smoked",33,0.8,1
10,Nantucket - Kiwi Berry Cktl.,36,0.4,1
11,"Beef - Roasted, Cooked",20,0.1,1
12,"Wine - White, Antinore Orvieto",23,0.5,1
13,Dc - Sakura Fu,48,0.7,1
14,Chicken - Bones,15,0.5,1
15,"Water - Mineral, Natural",20,0.2,1
16,"Wine - Cahors Ac 2000, Clos",31,0.6,1
17,"Nut - Chestnuts, Whole",17,0.3,1
18,Salt And Pepper Mix - Black,5,0.2,1
19,Ham - Proscuitto,19,0.4,1
20,Marzipan 50/50,50,0.7,1
21,Homecute Foldable Portable Pop up Cloth Changing Tent or Toilet Tent for Camping Hiking and Picnic (Army Green),18,0.6,2
22,Futurekart Portable Collapsible Water Storage Tank Water Container Water Carrier Lifting Bag Camping Hiking Survival Kit T...,42,0.6,2
23,"High Strength Elastic Nylon and Polyester Bungee/Shock Cord Cables, Luggage Tying Rope with Hooks (Multicolour) - Set of 8",16,0.7,2
24,FATMUG Packing Cubes/Travel Pouch/Bagpack Suitcase Organiser Set of 4 - Small Size - Black,21,0.3,2
25,"Coolzon Lightweight Backpacking Sleeping Bag for Adults Boys and Girls, Cold Weather Kids Sleeping Bag for All Season Hiki...",48,0.0,2
26,"MUTMAIN 100% Waterproof 80L to 100L Rain Cover for Backpack Bags, Rainproof Dustproof Protector Raincover Elastic Adjustab...",11,0.9,2
27,"Carbonado EVA Hard Shell Protective Tech/Gadget Portable Organiser, Multi-Purpose Pouch and Travel Accessory",17,0.1,2
28,"AmazonBasics Waist Pouch Bag with adjustable strap, 2L, Grey",36,0.2,2
29,Aristocrat 65 Ltrs Red Rucksack (RSHIK65LRED),43,0.9,2
30,"Glowbase New Rechargeable headlight with 180 azimuth adjustment portable lightweight head lamp, Rechargeable Headlamp long...",33,0.4,2
31,Novex Fusion Travel Bag Cum Rucksack | Hiking Bag | Trekking Bag | Rucksack Bag | Travel Bag (Green),20,0.8,2
32,anngrowy Pop Up Privacy Tent Shower Tent Portable Outdoor Camping Bathroom Toilet Tent Changing Dressing Room Privacy Shel...,38,0.7,2
33,COSMUS Polyester Rain Cover with Pouch for School Bags and Backpacks - Navy Blue,45,0.4,2
34,"TRAWOC 75 Ltr Travel Backpack Camping Hiking Trekking Bag Rucksack with Rain Cover, Shoe Compartment, English Blue",37,0.9,2
35,OxbOw 6 Pocket Foldable Hanging Purse Handbag Organizer (Grey),5,0.0,2
36,Dinojames 30mm Multipurpose Ultra Flexible Rectangle Shaped Bungee Motorcycle Bike Luggage Elastic Strap/Rope with Metal A...,8,0.6,2
37,Wildcraft 60 Ltrs Red Rucksack (8903338073826),6,0.8,2
38,"ROCKSPORT Sleeping Bag Camp Lite +10°C to +20°C,Lightweight Camping Sleep Bag for Indoors & Outdoors (Grey-Blue)",7,0.4,2
39,"Wagela Packing Cubes, Travel Pouch, Bag Suitcase Luggage Organiser Set of 6 || Storage Bags Waterproof || Compression Pouc...",29,0.3,2
40,JVCV® Carbon Fiber Pattern Key Cover Compatible for Kia Seltos Sonet Carens Push Button Start Car Key (Black),28,0.0,3
41,Amazon Brand - Solimo Anti Skid Grass Car Mat - Grass mat (Grey) | Polyvinyl Chloride | Passenger Car,24,0.5,3
42,"Autofact Car Body Cover for Maruti Baleno (2015 to 2021) with Mirror and Antenna Pocket (Light Weight, Triple Stitched, He...",35,0.4,3
43,"Fabtec Car Body Cover Compatible with Hyundai Elite i20 with Mirror & Antenna Pockets (Heavy Duty, Full Sized, Triple Stit...",31,0.7,3
44,myTVS 100 psi Analog Air Champ Car Tyre Inflator with 1 Year Warranty Car Air Pump (TI-15),19,0.8,3
45,GREENWORLD Black Color Fob Key Heavy Duty Keychain for To-yota Car Key Compatible With Innova/Glanza/Urban Cruser etc,17,0.6,3
46,FlagSource Indian Miniature Car Dashboard Flag with Nano ABS Base (Chrome),15,0.2,3
47,Care-car-key� For mahindra Replacement 3 Button Remote Front Half Body Car Key Shell/Case/Body for Centre Locking/Key Less...,44,0.7,3
48,"Autofact Car Body Cover for Honda City Ivtech (2009 to 2013) with Mirror and Antenna Pocket (Light Weight, Triple Stitche...",33,1.0,3
49,"CONVRT ® Paper Car Disposable Foot Mat for Passenger Car, Bus, Van, Truck, Crew Cab, Trailer, SUV, Scooter (Brown, Univers...",10,0.2,3
50,Fabtec Red and Blue Car Body Cover for Maruti Wagon R (2019-2021),36,0.8,3
51,"Wavex Ultrafine Foam Sponge Applicator for Car Wax, Dashboard Dressing and Many More (Pack of 3 Yellow)",32,0.1,3
52,Autofact Waterproof Car Body Cover Compatible with Tata Nexon (2017 to 2022) with Mirror and Antenna Pockets (Camouflage D...,36,0.2,3
53,SHOPOFLUX Leather Key Cover Compatible with Tata Nexon | Harrier | Safari | Altroz | Tigor | EV | Punch | Tiago EV Electri...,49,0.9,3
54,Q1 Beads MChocolate Wooden Beads Car Seat Wooden Cushion Cover Pad in Acupressure Sitting for All Universal The Cars/SUVs/...,18,0.9,3
55,Robustt Alcohol Tester Black (Pack of 1) Advance Digital LCD Display Portable Breathalyzer with 5 Mouthpieces (Model-2),9,0.3,3
56,"VEZIMON HD Visor For Car, for Day and Night, Polarized Sun Visor, Anti-Glare, UV Blocking Sun Protection Vehicle Windshiel...",5,0.2,3
57,"Autofact Car Body Cover for Maruti Swift (2005 to 2017) with Mirror and Antenna Pocket (Light Weight, Triple Stitched, Hea...",17,0.1,3
58,"JVCV® Car Styling Soft Handmade Leather Key Cover for Keys Compatible with Suzuki Grand Vitara, BALENO, XL6, Swift, ERTIG...",42,0.2,3
59,"MAPPERZ Universal Plastic Mini Car Press-Top Trash Bin Dust Case Best For Traveling (Multicolor, Pack of 1)",5,0.6,3
60,"Amazon Brand - Solimo Small Hatchback Car Cover, White (Alto, Zen, New Alto, Alto K10, M800, etc.)",36,0.4,3
61,Eknoor Car Dashboard Idol- Goldplated- Lord Swami Kartikeya Ji with Peacock a...(Wood),50,0.0,3
62,TIREWELL TW-7001 12V Digital Tyre Inflator Auto Cutoff Portable Air Compressor with LED Light and 3 Different Nozzle (TW-7...,24,0.1,3
63,UBJI Creation-Portable Electric Air Compressor for Car and Bike 260 PSI Tyre Inflatr Air Compressor Car Auto Pump for Moto...,30,0.3,3
64,"Delzon 12mm Car Tow Cable 4 Miter Long, 7 Ton Capacity Towing Super Strong Emergency Heavy Duty Forged Hooks with Self Loc...",25,0.4,3
65,Keycept™ Mahindra TPU Key Cover for Thar | Scorpio | TUV | Bolero | XUV 700 | Marazzo 3 Button Flip Key Cover (Black),21,0.3,3
66,"HOKIPO Leatherette Tissue Holder for Home, Car and Office, Brown (AR-4082-D3)",40,0.3,3
67,JVCV® Car Styling Soft Handmade Leather Key Cover Compatible with Skoda Slavia Kushaq Octavia Taigun Tiguan Virtus Kodiaq ...,28,0.6,3
68,Crevizon 220 PSI Tyre Inflator with Pressure Gauge Air Compressor with Rubber Hose and Quick Connect (Pack of 1),36,0.8,3
69,"SanDisk Ultra® microSDXC™ UHS-I Card, 64GB, 140MB/s R, 10 Y Warranty, for Smartphones",9,0.2,4
70,Samsung EVO Plus 128GB microSDXC UHS-I U3 130MB/s Full HD & 4K UHD Memory Card with Adapter (MB-MC128KA),18,0.8,4
71,"SanDisk Ultra® microSDXC™ UHS-I Card, 128GB, 140MB/s R, 10 Y Warranty, for Smartphones",17,0.0,4
72,"SanDisk Ultra microSD UHS-I Card 32GB, 120MB/s R",19,0.2,4
73,"Tygot Adjustable Aluminium Alloy Tripod Stand Holder for Mobile Phones & Camera, 360 mm -1060 mm (42 Inch), 1/4 inch Screw...",37,0.7,4
74,Samsung EVO Plus 64GB microSDXC UHS-I U1 130MB/s Full HD & 4K UHD Memory Card with Adapter (MB-MC64KA),8,0.0,4
75,MI Xiaomi Wireless Home Security Camera 2i 2022 Edition | Full HD Picture | 360 View | 2MP | AI Powered Motion Detection |...,48,0.3,4
76,"Tygot 10 Inches Big LED Ring Light for Camera, Phone tiktok YouTube Video Shooting and Makeup, 10"" inch Ring Light with 7 ...",12,0.3,4
77,Fujifilm Instax Mini Picture Format Film (20 Shots),29,0.1,4
78,CP PLUS 2MP Full HD Smart Wi-f CCTV Home Security Camera |360° with Pan Tilt | View & Talk | Motion Alert | Night Vision |...,31,0.1,4
79,"Syvo WT 3130 Aluminum Tripod (50 Inches), Universal Lightweight Tripod with Mobile Phone Holder Mount & Carry Bag for All ...",43,0.0,4
80,CP PLUS 3MP Full HD Smart Wi-fi CCTV Home Security Camera | 360° View | 2 Way Talk | Cloud Monitor | Motion Detect | Night...,28,0.0,4
81,"Gizga Essentials Professional 3-in-1 Cleaning Kit for Camera, Lens, Binocular, Laptop, TV, Monitor, Smartphone, Tablet (In...",32,0.7,4
82,"tizum HDMI to VGA Adapter/ Connector/ Converter Cable 1080P (Male to Female) for Media Players, Xbox, Projector, Computer,...",28,0.4,4
83,Sounce Shutter Remote Control with Bluetooth Wireless Technology - Create Amazing Photos and Videos Hands-Free - Works wit...,15,0.2,4
84,"DIGITEK® (DTR 260 GT) Gorilla Tripod/Mini 33 CM (13 Inch) Tripod for Mobile Phone with Phone Mount & Remote, Flexible Gori...",46,0.8,4
85,Fujifilm Instax Mini Single Pack 10 Sheets Instant Film for Fuji Instant Cameras,21,0.5,4
86,"SanDisk Ultra® microSDXC™ UHS-I Card, 256GB, 150MB/s R, 10 Y Warranty, for Smartphones",50,0.4,4
87,TECHONTO 360° Degree Cell Phone Holder with Adjustable Clamp Phone Tripod Mount Adapter Compatible with Smartphones & All ...,45,1.0,4
88,TP-Link Tapo 360° 3MP 2304 Full HD 1296P Video Pan/Tilt Smart Wi-Fi Security Camera | Alexa Enabled | 2-Way Audio| Night V...,8,0.9,4
89,"Digitek DTR 550 LW (67 Inch) Tripod For DSLR, Camera |Operating Height: 5.57 Feet | Maximum Load Capacity up to 4.5kg | Po...",27,0.1,4
90,Tygot Lightweight & Portable Portable 7 Feet (84 Inch) Long Tripod Stand with Adjustable Mobile Clip Holder for All Mobile...,21,0.7,4
91,"SanDisk Extreme microSD UHS I Card 128GB for 4K Video on Smartphones,Action Cams 190MB/s Read,90MB/s Write",14,0.7,4
92,"Amazon Basics High-Speed HDMI Cable - 10 Feet (Latest Standard) - Supports Ethernet, 3D, 4K video,Black",28,0.3,4
93,"DURACELL 36 Watts Fast Wall Charger Adapter, Type C Power Delivery & QC 3.0 USB Charger Fast Charging Compatible with iPho...",40,0.7,5
94,DearJoy Big Fibre Filled Baby Pillow and Stuffed Animal Elephant Soft Toy of Plush Hugging Pillow Material for Kids Boy/Gi...,14,0.7,5
95,"Centy Toys Plastic Pull Back Auto Rickshaw, Number Of Pieces: 1, Multicolour",42,0.0,5
96,"Skillmatics Board Game - Rapid Rumble, Educational and Clever Category Game, Games for Kids, Teens & Adults",36,0.2,5
97,Harry Potter 1–3 Box Set: A Magical Adventure Begins,15,0.7,5
98,"zest 4 toyz Globe for Kids, Stem Steam Educational World Globe with Magnifying Glass for Kids/Political Globe/Office Glob...",5,0.3,5
99,"Aashirvaad Nature's Super Foods Organic Arhar/Tur Dal Pouch, 500 g",17,0.6,5
100,"Drawing Book A4 Size Approx | Plain Sketch Pad for Kids, Students & Artists | 34 White Blank Unruled Pages | 29.5 x 21 cm...",13,0.0,5
101,"pTron Volta 12W Fast Charging USB Wall Charger with 1m Micro USB Cable, Made in India, BIS Certified Single Port USB Wall ...",43,0.2,5
102,Cubelelo QiYi QiDi S 2x2 Stickerless Speedcube Puzzle for Kids & Adults Magic Speedy Stress Buster Brainstorming Puzzle Cu...,5,0.6,5
103,"VGRASSP Handheld Video Game Console, Retro Mini Game with 400 Classic Sup Game TV Compatible for Kids, Rechargeable 8 Bit ...",25,0.9,5
104,"Funskool Fundough - Mini Fun Pack ,Shaping and Sculpting , 3years + ,6 Pieces Multi-Colour",47,0.4,5
105,Cr18 Collection 2 In 1 Baby Horse Rider And Rocker For Kids Age 1-5 Years (Multicolour),30,0.7,5
106,Smartivity Telescope STEM DIY Toys for Kids 8 to 14 Years | Measure Hight & Distance | Best Birthday Gifts for Boys & Girl...,20,0.2,5
107,Cubelelo Drift 3x3 (Mirror Silver) Stickerless Magic Speed Cube for Kids & Adults Speedy Stress Buster Brainstorming Puzzle,16,0.8,5
108,"Toy Gun with Jump Ejectinging Magazine, Soft Bullets, Pistol Toys forBirthday Boy Foam Blaster Soft Bullet Play Gun with 1...",25,0.2,5
109,SEAHELTON Flash Cards for Kids Talking English Words Flash Cards Preschool Electronic Reading Early Talking Flashcards Toy...,40,0.8,5
110,Happiesta Toys Talking Cactus Baby Toys for Kids Dancing Cactus Toys Can Sing Wriggle & Singing Recording Repeat What You ...,44,0.9,5
111,Toys Talking Cactus Baby Toys for Kids Dancing Cactus Toys Can Sing Wriggle & Singing Recording Repeat What You Say Funny ...,35,0.3,5
112,VARIETY CANVAS 50 Sheet A5 Sketchbook Set | Top Spiral-Bound Sketchpad for Artists | Sketching and Drawing Acid Free Pape...,21,0.6,5
113,Qubo Mini UPS Plus from Hero Group | Uninterrupted Power Backup for WiFi Routers | Upto 4 Hours Power Backup | Voltage Reg...,46,0.8,5
114,Leafy Tales Set of 3 – Iron Indoor/Outdoor Flower Pot/Plant Stand for Home Garden Balcony Living Room Decor (Black-Set of 3),24,1.0,5
115,Homecute Hut Theme Kids Toys Jumbo Size Play Tent House for Boys and Girls (Pink),26,0.9,5
116,"ESnipe Mart Multi Functional Pencil Box for Kids, Space Pencil Box for Boys, Kids Pencil Box for Boys & Girls, Magnetic Pe...",11,0.9,5
117,"Prime Basketball Set for Kids Toy, Basketball Set for Kids with Stand and Ball, Kids Boy Toys for Gifting On Birthday Pack...",21,0.5,5
118,SHINETOY Pokemo Cards 10 Pcs Golden Foil Card Assorted Cards V Series Cards Vmax GX Rare Golden Cards,42,0.8,5
119,"Smartivity DIY Mini Football, Soccer Table STEM Educational Fun Toys for Age 6 to 14, Toy for Boys & Girls 6-8-10-12, Scie...",46,0.1,5
120,"Hasbro Gaming Cluedo the Classic Detective Board Game for Ages 7 and Up for 3-6 Players, Multi Color",45,0.2,5
121,SAJANI Kid's Digital Mobile Phone with Touch Screen Feature || Learning Kids Mobile || Amazing Sound and Light Toy (Print ...,39,0.0,5
122,Wildcraft 35 Ltrs Black and Mel Backpack (WC 5 Dare),11,0.3,5
123,"NSXEEN Chess Board 10""x10"" Magnetic Chessboard Game Set with Folding Travel Portable Case Travel Chessgame Premium Classic...",27,0.3,5
124,Ayuvya-Boo Beautiful,46,0.4,5
125,LEGO Medium Creative Brick Box,19,0.4,5
126,"VGRASSP Catapult Plane Airplane Toy, Plane Shooting Game Toy Air Battle Glider Aircrafts Launcher Fun Gun Toy for Kids, Ch...",26,0.6,5
127,"Brustro Drawing Papers 200 GSM A3 , Pack of 20 + 4 Free Sheets",40,0.3,5
128,Fake Money 14 x 7 Units Set 98 Note for Kids Learn Money Skills Dummy Note Nakli Note Set All New 10 | 20 | 50 | 100 | 200...,50,0.8,5
129,"itoys Theme Frozen Play House Tent for Kids, Multicolor",24,0.1,5
130,"Negi Bubble Refill Solution 1 LTR for Bubble Machine, Bubble Gun Blower, Giant Bubble Wand Multicolor",25,0.0,5
131,Mirana USB Rechargeable Battery Powered Hover Football Indoor Floating Hoverball Soccer | Air Football Pro | Original Made...,39,0.2,5
132,ESnipe Mart Magnetic Pencil Case with Sharpener (Pink),31,0.2,5
133,"Smartcraft Balloon Stand, Set of Clear Table Desktop Balloon Holder with 7 Plastic Balloon Sticks, 7 Balloon Cups and 1 Ba...",13,0.1,5
134,WireScorts® Smart Phone Cordless Feature Mobile Phone Toys Mobile Phone for Kids Phone Small Phone Toy Musical Toys for Ki...,50,1.0,5
135,"Party Propz Birthday Decoration Items for Girl -Pack of 10 Golden Happy Birthday Banner, Confetti Balloons, LED light for ...",8,0.5,5
136,dabble Non-Toxic Finger Paints for 2.5+ Year Olds | Natural and Child Safe l Washable Finger Paints for Children| Learning...,5,0.1,5
137,"Hasbro Gaming Hungry Hungry Hippos, Board Game, For Kids Ages 4 years old and Up, Multicolour",18,0.2,5
138,"STOFFIER GARTEN Kitchen Set for Kids Girls Play Sink with Running Water, Kids Play Kitchen Toy Sink Electronic Dishwasher,...",42,0.7,5
139,FUNVERSE® 3D Cover Space Pencil Case Large Capacity Pencil Pouch Bag Compass School Pouch Organizer for Students Kids Prem...,42,0.9,5
140,"Prestige Svachh Aluminium 2+3+5 Litre Combo Outer Lid Cooker with Induction Base, Silver",7,0.9,5
141,Ratna's Business Game with Money Notes for Young Businessmen to Learn Trading and Other Systems of Buying and Selling (Small),11,0.3,5
142,Tickles These Cards Will Get You Drunk - Fun Adult Drinking Game for Parties (Age: 21; Players: 8),34,0.2,5
143,"dclub Nipple Covers Reusable Comfortable & Natural Invisible Adhesive Silicone Pasties for Women, Round (Skin)",39,0.0,6
144,"YIFELY double sided tape for clothes tape for clothes Double Sided Tape for Fashion, Clothing and Body (36 Strip Pack) | A...",12,0.3,6
145,Jockey Women's Bikini,27,0.2,6
146,Jockey Women Cotton Hipster Brief(Pack of 3),9,0.1,6
147,"Izaan Mart Women's Retro Driving Rectangular Sunglasses Black Frame, Black Lens (Medium) Set of 1",33,0.4,6
148,GLAMORAS Women Camisole (Glcamisecret_Black-White-Beige_Free Size),19,0.4,6
149,Pasties for Women 4 Pairs Nipple Covers Reusable Adhesive Silicone Covers,29,0.9,6
150,"Sichumaria Buckle Free Elastic Belt for Women Jeans/Dresses,Sichumaria Ladies Belt for Jeans,Adjustable Belt for Women Jea...",11,0.0,6
151,"Sanfe Flix Breast Roll -Breast Shaper & Lifter, Breathable Breast Support Boobtape, 5-meter Breast Lift Tape for Backless,...",45,0.9,6
152,LEOTUDE Women's Cottonblend Half Sleeve Oversized T-Shirts (Color: Orange),37,0.7,6
153,SHOPPY VILLA WITH SV LOGO Women Camisole (Comi-Secret_Multicolour_Free Size),34,0.8,6
154,Rushwak Boob Tape with 10 Nipple Pasties & 36 Fashion Tape Multipurpose Body Tape for Women Push Up & Lifting Breast Tape ...,18,0.2,6
155,ANNI DESIGNER Women's Cotton Blend Printed Straight Kurta with Pant (Pustak Blue),11,0.6,6
156,"Sanfe Flix Cotton Nipple Covers, 10 Breathable Nipple Pasties, No Show Bra for Women, Skin Friendly, Disposable (Cotton Ni...",21,0.6,6
157,Gopalvilla Women's Spandex & Nylon Waist Shapwear(SFH007_FIT to : 30 to 36),49,0.2,6
158,FIMS - Fashion is my style Bra Hook Extender-2 Hook - 3 Eye (with Extra Elastic) Save Your Bra Increase Band Length-Bra Ex...,16,0.6,6
159,Van Heusen Women Antibacterial Cotton Hipster Panty - Pack of 3,5,0.4,6
160,Vaamsi Women's Cotton Blend Printed Kurta Set with Dupatta (VKSKD1238_Blue),26,0.4,6
161,FIMALIA Women's Cotton Clip-on Mock Lace Camisole Cami Secret (Free Size) - Set of 3,7,0.4,6
162,SIRIL Women's Printed Poly Silk Saree with Blouse,7,0.2,6
163,Glamoras Women's Cotton Spandex Multipurpose Breast Lift Booby Tape,34,0.2,6
164,XL Boob Tape Breast Lift Tape for Contour Lift & Fashion | Boobytape Athletic Tape for Breasts | Body Tape for Lift & Push...,21,0.4,6
165,IFLASH Rectangle Sunglasses for Women Retro Fashion Sunglasses UV 400 Protection Square Frame Eyewear,42,0.4,6
166,SIDEWOK Women's Vegan Leather Belt (Pack of 2),37,0.4,6
167,FIORRA Women's Maroon Poly Crepe A-line Kurta with Pant and Dupatta,7,0.6,6
168,Adidas Unisex Ankle Length Standard Cotton Socks (Pack of 3) Assorted,9,0.3,6
169,FLYNGO 2 Pair Nipple Covers Reusable Comfortable Invisible Adhesive Silicone Pasties for Women,26,0.7,6
170,KOPNHAGN Women's Ankle Length Cotton Socks (Pack Of 5) (KP-WBX-50_Multicolour),6,0.2,6
171,Alexvyan Women Warm Thick Fur Lined Fleece Thermal Soft Legging Winter Slim Fit Tights Stocking,18,0.9,6
172,GoSriKi Women's Cotton Blend Embroidered Straight Kurta with Pant & Dupatta (MYSURU-GS),26,0.5,6
173,Fashnex Waist Belt Made of Neoprene for Women & Men for Tummy Exercise.,43,0.1,6
174,"FIMALIA 36 & 72 Pc Double Sided Tape for Clothes Bra Stickers One-off Body Skin Tape,Invisible Clear Bra Clothing Tape Str...",7,0.1,6
175,GoSriKi Women Saree,25,0.5,6
176,"PURSUE FASHION Premium Cotton Ankle Socks for Men and Women - Free Size, Solid Unisex Ankle Length Socks, Pack of 5 (Multi...",28,0.5,6
177,ANNI DESIGNER Women's Cotton Blend Printed Straight Kurta with Pant (KIDYA),43,0.0,6
178,MYZA Women's Reusable Nipple Cover - Silicone Nipple Cover Bra Pad - Adhesive Reusable Nipple Pads - Thin Silicone Nipple ...,36,0.5,6
179,Vaamsi Women's Cotton Blend Printed Kurta Pant Dupatta Set (VKSKD1171_Green),31,0.5,6
180,Supersox Women's Ankle Length Cotton Socks (Pack of 3) (WCCD-NCY-3S-2_Multicolored),32,0.3,6
181,Costafrey® Tummy Tucker Women's High Waist Shapewear with Anti Rolling Strip Tummy Control Panties (Fits 30-38 Waist Size),11,0.8,6
182,"Fabme Women Lace, Padded Tube Bra - Free Size - 3 Hook Back",14,0.4,6
183,Rangnavi Women Rayon Anarkali Embroidered Printed Kurta Pant and Dupatta Set,38,0.4,6
184,Rupa Jon Women's Cotton Panty (Pack of 10)(Colors and Prints May Vary),11,0.2,6
185,Electomania Women's Silk Underskirt (SH02399_White_Free Size),14,0.8,6
186,Finesse Miracle Cami - Women's Cotton Clip-on Mock Camisole- Set of 3 Black White and Beige,6,0.5,6
187,"Fabme Women's Metal Adjustable Belt for Saree, Western Dress, Traditional Dress, Party Designer wear (Plain, 2 cm wide)",43,0.1,6
188,Jockey Womens Solid Shorts,46,0.1,6
189,ANNI DESIGNER Women's Cotton Blend Printed Straight Kurta with Palazzo (Pimpli),35,1.0,6
190,SGF11 Women's Kanjivaram Soft Silk Saree With Blouse Piece,43,0.8,6
191,Phenovo 35Pcs Double Sided Bra Stickers Tape One-off Body Clothing Bra Strip 10mm,38,1.0,6
192,Women Bra Extender 2 Hook Soft Elastic Bra Extension Extenders Pack of 3,13,0.7,6
193,GoSriKi Women's Georgette Blend Printed Saree With Blouse Piece (MAHA-BLUE-GS_Blue_Free Size),17,0.3,6
194,"Sun Fashion And Lifestyle Women's Cotton Print Unstitched Salwar Suit Material, 2 Mtr Printed Cotton Salwar, Stylish Chiff...",38,0.8,6
195,GoSriKi Women's Cotton Blend Printed Kurta and Pant with Dupatta Set (KALEPING-Pista-Nw-GS),44,0.2,6
196,Creature Black & Green Sunglasses Combo For Men & Women with UV Protection (Lens-Black & Green||Frame-Black||SUN-001-003)...,7,0.8,6
197,"SKULLFIT Sports Headbands for Men (Black) - Lightweight Moisture Wicking Workout Sweatbands for Running, Gym, Yoga, Cyclin...",47,0.6,6
198,KeepCart Women Tummy Control Shapewear High Waist Trainer Thigh Slimmer,42,0.1,6
199,"SAJANI Boob Tape with 10 Nipple Pasties, multipurpose Body Tape for Women, Push Up & Lifting Breast Tape, Boob Tape for La...",40,0.2,6
200,ANNI DESIGNER Women's Cotton Blend Printed Straight Kurta with Pant & Dupatta (Rapat),22,0.4,6
201,ELEGANTE Jewel-Detail Frames Square Oversized Sunglasses for Women,49,0.6,6
202,XEMIT Fake Collar Cleavage Cover Under Garments for Women Airport Outfit for Women Clip on Camisole for Women deep Neck Co...,7,0.2,6
203,Jalther Handicrafts Women's Ikat Hand Block Print Jaipuri Cotton Mulmul Saree with Blouse Piece,11,0.6,6
204,SIGHTBOMB WRAP Around Extended Sleeves Ribbed Tops for Women (Free Size),14,0.6,6
205,Enamor Mid Waist Cotton Panty,9,0.6,6
206,Boldfit Tummy Shaper for Women & Men Sweat Slim Belt Tummy Belt Shapewear for Belly. Body Shaper Belt for Stomach Fitness ...,34,0.2,6
207,GoSriKi Women's Woven Georgette Saree (BND-Multi GO_Multicolour),20,0.8,6
208,Ishin Poly Georgette Black Printed Women's Saree/Sari With Lace,11,0.8,6
209,Bee M Pee Designer Womens sarees for women,43,0.4,6
210,GoSriKi Women's Rayon Straight Printed Kurta with Pant & Dupatta (Bulgeriya-GO),49,0.4,6
211,"Skudgear Best Lightweight Headband Workout Sweatbands for Men & Women (Black, One Size, 1pc) | Gym Equipment | Running, Yo...",14,0.8,6
212,"Gokru 4-in-1 Shaper - Tummy, Back, Thighs, Hips - Black/Efffective Seamless Tummy Tucker Shapewear Body Shaper Best While/...",42,0.4,6
213,Shiv Textiles Women's Pure Georgette Saree With Blouse Piece,27,0.3,6
214,Kitchen Need - Washable and Reusable - (Pack of 1 Roll) Kitchen Printed Tissue/Towel Paper Roll - Washable and Reusable ap...,10,0.5,7
215,Selpak Imported Paper Towel Kitchen Roll 3ply - 6 Rolls,41,0.4,7
216,"POSH Male to Male VGA Cable 1.5 Meter, Support PC/Monitor/LCD/LED, Plasma, Projector, TFT. VGA to VGA Converter Adapter Cable",42,0.6,7
217,Halonix Rechargeable Emergency Inverter Led Bulb B22 9-Watt - White Pack Of 2(B22D),23,0.1,7
218,FITG18 Kitchen Cleaning Sponge Wipes with Super Absorbent Biodegradable Cellulose Material for Kitchen and Home Cleaning (...,32,0.9,7
219,GM 3012 3 Pin Travel Universal Multi-Plug with Surge Protector & Indicator (1),49,0.8,7
220,"ZSIGNS 46PCS 1/4 inch Drive Socket Set,Metric Ratchet Wrench Set with 4-14mm CR-V Sockets,S2 Bits,Extension Bars,Mechanic ...",12,0.7,7
221,Lapster 1.5 mtr USB 2.0 Type A Male to USB A Male Cable for computer and laptop,47,0.7,7
222,Halonix Prime 10W Neo Radar Motion Sensor B22 Led Light Bulb (Cool Day White) Pack of 1,19,0.7,7
223,RYLAN Bathroom Cleaning Brush with Wiper 2 in 1 Tiles Cleaning Brush Floor Scrub Bathroom Brush with Long Handle 120° Rota...,27,0.0,7
224,3M Perfect-It 1-Step Finish Compound (100 g) | Remove Minor Scratches,19,0.7,7
225,SHAYONAM Leakage Repair Waterproof Tape For Pipe Leakage Roof Water Tape Leakage Solution Aluminium Foil Tape Waterproof A...,37,0.1,7
226,"SKADIOO 2 Pieces Universal Travel Adapter, Adapter, Travel Adapter, Universal Adapter, Adapter Charger, International Adap...",24,0.8,7
227,"Scotch-Brite ,Multi-purpose , Easy to use kitchen cleaning Sponge Wipe (10 -Pieces)",44,0.3,7
228,"3M Safety Goggles Model 1621, Polycarbonate, Protects From Chemical Splashes, Clear Lens, Hardcoat, Transparent Goggles, M...",14,0.6,7
229,STANLEY STHT36125-812 3 Meter Plastic Short Measuring Tape (Yellow),48,0.7,7
230,"INKULTURE Pill Medicine Organizer Reminder Storage Box 14 Days or 2 Weeks, Pack of 1",29,0.8,7
231,"boAt LTG 650 Type C to Lightning Apple MFi Certified Cable with Spaceship Grade Aluminum Housing,3A Power Delivery Fast Ch...",23,0.4,7
232,OM CLAER Bathroom Cleaning Brush with Wiper 2 in 1 Tiles Cleaning Brush Floor Scrub Bathroom Brush with Long Handle 120° R...,26,0.8,7
233,Amaziyo Bathroom Cleaning Brush with Wiper 2 in 1 Tiles Cleaning Brush Floor Scrub Bathroom Brush with Long Handle 120° Ro...,26,0.6,7
234,Lapster USB 3.0 A to Micro B SuperSpeed for hard disk cable - short cable,32,0.7,7
235,Tec Tavakkal 32 in 1 Interchangeble Multipurpose Mini Screwdriver Set Magnetic Slot Wrench Bits Repair Tools Kit Set Combi...,29,0.1,7
236,STANLEY 70-482 8'' Sturdy Steel Combination Plier Double Color Sleeve (Yellow and Black),35,0.5,7
237,"EMBOX Cube Extension Boards with USB Port with Universal Sockets and USB (2.4 A) Charging Ports (QC 3.0) with Indicator, ...",31,0.3,7
238,"D'Cal - Hard Water Softener | For Complete House | Protects Taps, Pipes & Bathrooms | Reduces Dry Skin & Hair Loss | Easy ...",19,0.5,7
239,"Scotch-Brite Fibre Bathroom Scrubber Brush (Green, Pack of 2)",33,0.6,7
240,"Catron 46PCS 1/4 inch Drive Socket Set, Metric Ratchet Wrench Set with 4-14mm CR-V Sockets, Extension Bars,S2 Bits, Mechan...",30,0.8,7
241,"Anchor by Panasonic 4 Socket with Single Switch (22048) (4M) 4 Socket Extension Boards  (White, 4 m)",19,0.1,7
242,"SHAYONAM Silicone Toilet Brush with Holder Slim Flex Toilet Brush Anti-Drip Set Toilet Bowl Cleaner Brush, No-Slip Long Ha...",36,0.1,7
243,"Chipku Fly Magnet Trap Useful in Mango, Papaya, Sapota, Guava, Pomegranate, Sweet Fruit (5 Trap with 5 Fruit Fly Lure) - P...",16,0.0,7
244,Bathroom Cleaning Brush with Wiper 2 in 1 Tiles Cleaning Brush Floor Scrub Bathroom Brush with Long Handle 120° Rotate Bat...,26,0.7,7
245,Electronic Spices 9Watt DC 12V Solar SMD Lamp with 35% energy saving Crystal White Lamp Light Bulbs,28,0.4,7
246,"Immech Rpi Shop Polyolefin Heat Shrink Tube, Insulated Wire Cable Sleeving Wrap, 7 Different Cut Size Without Box - Multic...",32,0.6,7
247,PHILIPS Smart Wi-Fi LED T-Bulb 10-Watt WiZ Connected (Pack of 1) (Shades of White + Tunable + Dimmable + Pre-Set Modes) (C...,11,0.1,7
248,"Fizi 6 Pin Bathroom Cloth Hooks Hanger Door Wall Bedroom Bathroom Robe Hooks Rail for Hanging Keys,Clothes,Towel Steel Hoo...",42,0.1,7
249,"Loctite 100% silicone sealant (Clear), ultra fast dries in 10 mins, waterproof in 2 hrs, No Shrinkage, quality silicone, t...",15,0.3,7
250,LEAPUPfan Cleaning Brush with Long Rod Cleaning Supplies Adjustable Microfiber dust Brush Foldable Home appliances Ceiling...,13,0.6,7
251,"Zureni BR-03 Garnate Broom Phool Jhadu with Natural Mizoram Long Grass 21 cm Metal Handle Stick for Easy Dust Removal, Str...",7,0.9,7
252,HTC Instrument 103-CTH Digital Indoor Hygrometer Thermometer with Clock by Supreme Traders Supertronics1989,16,0.2,7
253,HI-PLASST PINS N PLUGS Hard PVC 5 to 15 Ampere Converter Socket for Big Size 16 Ampere Plug Top with Universal Sockets for...,36,0.4,7
254,"CANWAY Flexible Fan Cleaning Duster for Multi-Purpose Cleaning of Home, Kitchen, Car, Office with Long Rod",7,0.6,7
255,"United's Boric Acid Powder - 200 gram, Multicolour",13,0.5,7
256,Aegon Professional ACS12V 10mm 12V Reversible Variable Speed Cordless Screwdriver Double Battery with 30 pcs Tool Kit Cord...,23,0.3,7
257,SynSo Microfiber Cloth - Pack of 8 High Absorbent Cleaning Cloth; Lint & Streak Free for Kitchen; Bathroom; Furniture; Woo...,31,0.3,7
258,"bitteR Powerful Protection from Rats, 180ml Spray - Protect Wires in Car, Bike | Camphor Fragrance | Non Toxic | No Kill O...",45,0.2,7
259,"Amazon Basics 6-Feet VGA to VGA Cable for Monitor, Personal Computer (Black)",24,0.1,7
260,"Supples Baby Pants Diapers, Medium (7-12 kg), 72 Count",23,0.6,8
261,"Pampers Active Baby Taped Diapers, Medium size diapers, (6-11kg) 90 count,taped style custom fit",25,0.9,8
262,"Mamaearth Hydragel Indian Sunscreen Spf 50, With Aloe Vera & Raspberry, For Sun Protection - 50G",28,0.5,8
263,Mamaearth Gentle Cleansing Shampoo for Babies (200 ml),9,0.8,8
264,"Himalaya Extra Moisturizing Baby Wash, 400 ml",15,0.0,8
265,"MamyPoko Pants Extra Absorb NB76,Unisex Baby, Pack of 76 (Upto 5 Kg)",11,0.4,8
266,"LuvLap Tiny Love Heat Sensitive Baby Feeding Spoons Set, Food Grade PP Kids & Baby Spoon with Soft Silicone Tip, Color cha...",14,0.9,8
267,"Supples Baby Wet Wipes with Aloe Vera and Vitamin E, 72 Wipes/Pack, (Pack of 6)",32,0.7,8
268,Philips Avent NATURAL 2.0 BOTTLE 260ml Single SCF033/10,24,0.6,8
269,Mamaearth Tea Tree Natural Face Wash for Acne & Pimples Wash 100 ml - For Normal & Dry Skin,24,0.0,8
270,"Pampers Premium Care Pants, Large size baby Diapers, (L) 88 Count,9-14 Kg, Softest ever Pampers Pants",14,0.3,8
271,"MamyPoko Pants Extra Absorb NB114,Unisex Baby, Pack of 114",40,0.4,8
272,Mamaearth Daily Moisturizing Natural Baby Lotion (400 ml),20,1.0,8
273,"Pampers Premium Care Pants, Medium size baby Diapers, (7-12kg) 108 Count Softest ever Pampers Pants, Medium Size, Pack of 108",11,0.3,8
274,"Huggies Complete Comfort Wonder Pants, Medium (7-12kg) Size Count 100 Baby Diaper Pants Combo Pack of 2, 50 count Per Pac...",10,1.0,8
275,"Pampers All round Protection Pants, Medium size baby Diapers, (7-12kg) 200 Count Lotion with Aloe Vera",26,0.0,8
276,Pampers Baby Gentle Wet Wipes with Aloe Vera 144 Wipes,21,0.1,8
277,Mamaearth Vitamin C Oil-Free Moisturizer For Face With Vitamin C & Gotu Kola For Skin Illumination - 80 Ml,24,0.6,8
278,"Huggies Complete Comfort Wonder Pants Extra Large (XL) Size Baby Diaper Pants Sumo Pack, 168 count, with 5 in 1 Comfort",26,0.0,8
279,"Nestle LACTOGEN 1 Infant Formula Powder - Upto 6 months, Stage 1, 400g Bag-in-Box Pack",37,0.2,8
280,Mamaearth Onion Hair Oil For Hair Growth With Onion & Redensyl For Hair Fall Control - 250Ml,17,0.3,8
281,"Pampers Premium Care Pants,New Born Extra Small size baby Diapers,(NB/XS)70 count,Upto 5 kg Softest ever Pampers",47,0.5,8
282,"MamyPoko Pants Extra Absorb XL42,Unisex Baby, Pack of 42 (12-17Kg)",27,0.5,8
283,"Huggies Complete Comfort Wonder Pants,Large (L) Size Baby Diaper Pants,(64 count) (9-14Kg) with 5 in 1 Comfort",8,0.6,8
284,"Mamaearth Natural Repellent Mosquito Patches For Babies with 12 Hour Protection,White,Pack of 1",17,0.2,8
285,"Kotex Overnight Period Panties (Medium/Large size, pack of 10 panties) for heavy flow period protection | with 360 degree ...",16,0.2,8
286,"Mamaearth Mineral Based Sunscreen Baby Lotion SPF 20+,Hypoallergenic,100ml,(0-10 Years)",41,0.7,8
287,Himalaya Gentle Baby Wash (400ml),21,0.3,8
288,"Cable World® Musical Keyboard Mat Piano Gym Mat Gym & Fitness Rack,Pack of 1 set, Muticolor",35,0.4,8
289,Himalaya Baby Lotion 700ml,45,0.3,8
290,Mother Sparsh 99% Pure Water (Unscented) baby wipes I Natural Plant made cloth - Super thick I 72 pcs/pack - Pack of 2 (Su...,48,0.8,8
291,"Luv Lap Liquid Cleanser Refill, Anti-Bacterial, Food Grade, For Baby Bottles, Accessories And Vegetables, 1000ml (Clear)",13,0.1,8
292,Mother Sparsh 99% Pure Water (Unscented) Baby Wipes I Natural Plant Made Cloth - Super Thick I 72 pcs/Pack - Pack of 3,7,0.9,8
293,"Nestlé NAN PRO 2 Follow-up Formula Powder - After 6 months, Up to 12 months, Stage 2, 400g Bag-In-Box Pack",22,0.8,8
294,"Combo of Multipurpose Cleaning Brush, Coat Brush with Soft Bristle for Dust Remover / Wooden Handle Hard Bristle Brush for...",32,0.2,9
295,"Lock & Lock Water Bottle Cleaning Brush, Orange",14,0.6,9
296,Osmon OS 2000BL- 2000 Watts Bagless Cyclonic Vacuum Cleaner with HEPA Filter (Purple & Black),24,0.2,9
297,"BIZWIZ Store Dust Removal Brush | Microfibre Bristles | All Purpose Dusting Brush | Semi Hard Long Bristle for Carpet, Key...",15,0.1,9
298,IMUU Toilet Brush and Holder Set | Soft Toilet Cleaning Brush and Bowl Holder with Non-Slip Long Handle | (Color :- White...,9,0.8,9
299,Sanque Ceramic Floor Mounted European Water Closet/Western Toilet Commode / Ewc with Normal Seat Cover Normal Flush Flush ...,6,0.5,9
300,Ruhe® Toilet Seat Cover | PVC Toilet Seat Cover Commode with Cover | Sleek Design Easy Installation | White Color,25,0.2,9
301,"Kohler - 23975IN-4ND-RGD Vive Single Control Wall-mount Monoblock Lav Faucet, With Valve (Vibrant Rose Gold Finish)",12,0.8,9
302,Vardhman Ceramics Belmonte Designer Rimless Wall Hung Water Closet Printed Black Commode Toilet Ewc with Seat Cover (RETR...,45,0.9,9
303,"Epsilon 4 in 1 Window Screen Cleaning Brush- Magnetic Screen Door Mesh Brush, Window Washer Squeegee Kit, Window Cleaner S...",14,0.9,9
304,Vedantika Herbals Herbal Drinks (combo Pack) Amla + Panchamrita,34,0.5,9
305,Jecrina Toilet Brush and Holder Set Toilet Brush Cleaner Bathroom // Attractive Design Look Like Flower Pot Vase Shape 2 i...,31,0.7,9
306,Philips Domestic Appliances SpeedPro Aqua Cordless Vacuum Cleaner FC6728/01 with Vacuum and mop System Denim Blue Metalli...,13,0.3,9
307,"Mainz 3 PC Mini Wire Brush Set (Brass, Nylon, Stainless Steel BRISTLES)",13,0.1,9
308,KARCHER Floor Tool for WD 3,47,1.0,9
309,GRAZIA Vacuum 2 in 1 Handheld Vacuum Car Cleaner Air Duster Wireless Rechargeable Home Pet Hair Vacuum with Powerful Cyclo...,44,0.9,9
310,"Evatta [5 ft, Pack of 1] Broom with Long stainless_steel Rod and Extendable Cobweb Cleaner Stick Handle Brush Use in Fan, ...",46,0.8,9
311,"Cera F1015251 Sink Cock With Long Swivel Spout And Wall Flange, Silver, Steel Finish",36,0.2,9
312,KINIK Plastic Toilet Seat Cover Hinges Parry Type Clamp Box,50,0.2,9
313,JENICO HUB Silicone Bottle Cleaning Brush with Long Handle for Milk Bottle Washer for Water Bottles Tumblers Thermos Cup C...,27,0.2,9
314,KleenX Reusable Nonwoven Kitchen Wipe Towel Tissue Paper Roll Washable Multi-Purpose Dry Cleaning Roll Wipe Cloths Sheet R...,16,0.8,9
315,Kosher Joy Facial Cube Tissue Box Pack of 8-2 Layered - 80 Pulls in Each (Total 640 Pulls),20,0.7,9
316,ResQTech India Pvt Ltd Spartan Cordless 12000 PA Ultra Powerful 2 in 1 Vacuum Cleaner with Rechargeable Lithium-Ion Batter...,23,0.8,9
317,"VOLO SUS 304 Broom Mop Holder Wall Mount Stainless Steel Tool Hanger, Storage Durable Organizer for Home Laundry Kitchen G...",6,0.4,9
318,ABOUT SPACE Mop Holder - 3 Pcs No Drill Self Adhesive Broom & Mop Holder - Heavy Duty Stainless Steel Broom Stick Holder- ...,28,0.8,9
319,"VAJIN Sink Plunger Unblocker Suction, Flexible Sink Blockage Cleaning Remover Tool, Unblocker Dredging Pipe-Cleaner Rubber...",27,0.2,9
320,"SRP 1/2"" Inch Nozzle Bib Cock Faucet Tap Handle Valve Suitable for Washing Machine Inlet Hose Pipe Outside Garden Watering...",11,0.3,9
321,Full Clean Washable Kitchen Printed Tissue Towels - Non-Woven Reusable and Washable Kitchen Printed Tissue Roll - 1 Roll -...,10,0.2,9
322,Sukriti Cotton floor Cleaning Sweeping cloth Dusting cloth pocha (30 inchx30 inch_Set of 12 pcs),13,0.8,9
323,"PLASTO Comfort Series SAngle Cock with Flange for Kitchen, Bathroom Wash Basins, White, Pack of (2)",15,0.7,9
324,"Crex N3 5 Inch Double Long Hair with Smooth Bristle m Wall Paint Brush for All General Purpose, (125MM Bhurcha) (1, 125 MM)",19,0.5,9
325,Bringhom Big Size Toilet Plunger Un-Blocker Drain Cleaning Suction Plunger for Multi Purpose Channel Cleaning Kitchen Sin...,11,0.8,9
326,"RKPM HOMES Glass Washer with Double Sided Bristle Brush, Glass Cup Brush Cleaner with Suction Cups, Standing Glass Bottle ...",33,0.2,9
327,"Pixaflo Florent SS-304 Extended Tall Body Pillar Cock 12"" Tap for Wash Basin, Stainless Steel (Cobalt Blue)",16,0.3,9
328,"Sparkmate By Crystal DOUBLE HOCKEY TOILET BRUSH, Multicolour, NORMAL (PSMB-10)",5,0.8,9
329,AARIV Glass Cleaning Brush Supplies Multifunctional Screen Brush 2 in 1 Mesh Cleaning Brush & Wiper with Extended Handle W...,37,0.2,9
330,QERINKLE Magic Plastic Multipurpose Wall Mounted Hanging Organizer Broom Holder Stand 5 Positions with 6 Hooks (MOP Holder),39,0.9,9
331,"Paul® Brass Ceramic Disc Cartridge Quarter Turn 3/4"" for Bathroom Kitchen Tap Faucet Valve (Hot and Cold) | Standard Size ...",39,0.9,9
332,Paseo Elegant International Quality 2 Ply Extra Soft 19.5 x 20 cm Facial Tissue Paper 100 Pulls Pack Of 8,35,0.2,9
333,2 in1 Folding Standing Broom Dustpan Set Rotatable Windproof Floor Broom Sweep Brush Pan with Long Handled Dustpan and Bro...,11,0.4,9
334,MaaKali Microfiber Feather Duster Bendable & Extendable Fan Cleaning Duster with 100 inches Expandable Pole Handle Washabl...,19,0.4,9
335,DHRUSIMI Multi Purpose Hand Scrubbing Brush Bend-able Cleaning Brush Dual Purpose Kitchen Wash Sink Pot Cleaner Brush Brus...,25,0.6,9
336,"Zollyss 1Pc Sink Drain Overflow Cleaning Brush, Household Sewer Hair Catcher(45Cm)",34,0.6,9
337,"Truvic Spray Type Cleaning Brush Glass Wiper, Multi Color Pack of 3 pcs",20,0.2,9
338,Aitchcy xVolkax Sleek Brass Bib Cock with Wall Flange & Teflone Tape for Bathroom & Kitchen Sink/Faucet,11,0.1,9
339,"Stylish Silicon Toilet Brush with Stand , Pack of 2 , with Holder",43,1.0,9
340,"KOHLER PureClean Square Bidet Toilet Seat, with Self Cleaning Nozzle, Retractable wand, Front and Rear wash, Water pressur...",50,0.0,9
341,"Fancy Coat Brush Dust Remover Star Design Handy Shape Wooden Coat Dusting Cleaning Household Brush for Clothes, Sofa, Curt...",27,0.5,9
342,Lemon flavor Compressed Coin Tablet Tissue Napkin Dry Coin Tissue Expands With Water For Multi-Use (100),26,0.3,9
343,IKEA Polypropylene Plastic Bottle Brush - 43 Cm (Orange),11,0.1,9
344,"Spotzero by Milton Plastic Shubhra Premium, Aqua Green",47,0.2,9
345,Cello Kleeno by Cello Standee Hard Tile Brush (Blue and White),49,0.5,9
346,HITSHREE Self Adhesive Tissue Toilet Paper Holder Storage with Shelf Tissue Paper Roll Towel Holder Storage Tissue Roll wi...,5,0.2,9
347,"Aarti Enterprises Handheld Carpet Roller Cleaning Brush with Dust Crumb Collector 4Roller Carpets, Car Seats, Table Linen,...",49,0.7,9
348,Monkey 555 International Steel Gold Grass Broom for Sweeping Floor Removes fine dust | Premium & Tall Garo-Hill Grass Supe...,28,0.0,9
349,RIANZ So Soft Cologne Face Wet Wipes tissues in a Can - 30 Pulls - Pack of (2),41,0.9,9
350,"Mop Broom Holder, Wall Mounted Commercial Organizer Storage Rack for Garden Tools, Kitchen, Garage and Laundry [5 Slots wi...",37,1.0,9
351,"Winkelen Household Cleaning Brush Stainless Steel Scrubber with Liquid soap Dispenser, Kitchen Soap Dispensing Palm Brush ...",10,0.5,9
352,LipiWorld® 7 in 1 Multipurpose Small Portable Plastic Handle Nylon Brush Kit Set for Computer Keyboard Car Laptop Cleaning...,38,0.4,9
353,Skybags Brat Black 46 Cms Casual Backpack,28,0.9,10
354,SAFARI 15 Ltrs Sea Blue Casual/School/College Backpack (DAYPACKNEO15CBSEB),41,0.3,10
355,Wesley Milestone 2.0 Casual Waterproof Laptop Backpack/Office Bag/School Bag/College Bag/Business Bag/Travel Backpack (Dim...,28,0.1,10
356,Gear Aspire 30L Water Restant Office Laptop Bag/Backpack for Men/Women/(Black),28,0.1,10
357,"Genie Iridescence School Bag for Girls, 17 inch Backpack for Women, 3 compartments Water Resistant Stylish and Trendy Coll...",16,1.0,10
358,"FUR JADEN Anti Theft Number Lock Backpack Bag with 15.6 Inch Laptop Compartment, USB Charging Port & Organizer Pocket for ...",39,0.7,10
359,"Safari Hitech 35 Ltrs Water Resistant Backpack - Blue, L (Hitech19Cbblu)",13,0.1,10
360,Half Moon 35 L Waterproof Laptop College School Office Bag Backpack for Men Women Boys Girls with 15.6 inch Padded Laptop ...,37,0.5,10
361,Gear CarryOn 16L Foldable Water Resistant School Bag//Backpack/College Bag for Men/Women - Blue Black,12,0.8,10
362,"American Tourister VALEX BLUE LAPTOP BACKPACK 28 Ltrs,Volume, LAPTOP COMPARTMENT, BOTTLE POCKET, FRONT ORGANIZER",5,0.3,10
363,"Genie Glitter Backpack for Women - 3 compartments, Laptop Bags for Girls, Stylish and Trendy College Backpacks for Girls, ...",30,0.3,10
364,Safari 15 Ltrs Cherry Red Casual/School/College Backpack (DAYPACKNEO15CBCRE),32,0.6,10
365,American Tourister 32 Ltrs Blue Casual Backpack (AMT FIZZ SCH BAG 02 - BLUE),7,1.0,10
366,ADISA 15.6 inch Laptop Backpack Office Bag College Travel Back Pack 32 Ltrs (z-Navy Blue),35,0.2,10
367,Skybags Brat Sea Green 46 Cms Casual Backpack,24,0.2,10
368,Zipline Unisex casual polyester 36 L Backpack School Bag Women Men Boys Girls children Daypack College Bag Book School Spo...,36,0.4,10
369,"Genie Spray School Bag for Girls, 19 inch Backpack for Women, 3 compartments Water Resistant Stylish and Trendy College Ba...",43,0.2,10
370,"Mi Step Out 12 L Mini Backpack (Small Size, Dark Blue, Water Repellant)",21,0.2,10
371,"Genie Camellia School Bag for Girls, 17 inch Backpack for Women, 3 compartments Water Resistant Stylish and Trendy College...",39,0.4,10
372,"FATMUG Laptop Bag For Men - Convertible Backpack For Office And Travel (Dark Grey,Oxford Fabric)",35,0.7,10
373,Lunar's Bingo - 48 L Laptop Office/School/Travel/Business Backpack Water Resistant - Fits Up to 15.6 Inch Laptop Notebook ...,40,0.3,10
374,Fur Jaden Anti Theft Backpack 15.6 Inch Laptop Bag with USB Charging Port,21,0.0,10
375,Gear Classic 20L Faux Leather Water Resistant Anti Theft Laptop Bag/Backpack for Men/Women-Brown,7,0.7,10
376,Lenovo Casual Laptop Backpack B210 15.6-inch(39.6cm) Water Repellent Black,36,0.4,10
377,ShopyVid® PU Leather Stylish and Trending Women Backpack for College Office Travel Bag Girls Handbag Purse Black,41,0.4,10
378,Genie Unicorn School Bags for Girls - 3 compartments | Stylish and Trendy College Bag for Girls | Easy to Carry Backpacks ...,49,0.6,10
379,"Artistix Talon Anti Theft Design Laptop Backpack, With USB Charging Port (46 Cm, 25L,Black)",42,0.4,10
380,Wesley Unisex Milestone Casual Waterproof Laptop Office School College Business Travel Backpack 25 L (Dimensions: 12.5x18 ...,16,0.6,10
381,"American Tourister VALEX BLACK LAPTOP BACKPACK 28 Ltrs,Volume, LAPTOP COMPARTMENT, BOTTLE POCKET, FRONT ORGANIZER",24,0.8,10
382,American Tourister Casual Backpack,27,0.8,10
383,"Lenovo 15.6"" (39.62cm) Slim Everyday Backpack, Made in India, Compact, Water-resistant, Organized storage:Laptop sleeve,ta...",18,0.6,10
384,"Safari Quill Laptop Backpack 26 Ltrs Water Resistant Fabric - Black, L (QUILL19CBBLK)",37,0.9,10
385,"FUR JADEN 40L Weekender Travel Laptop Backpack with Anti Theft Pocket, Organizer, 15.6 Inch Padded Laptop Sleeve and Dual ...",31,0.4,10
386,Glowic Unisex's Backpack for Men Women Boys Girls/Office School College Teens & Students (WBAG-64) (Black),11,0.4,10
387,Safari Groove 35 Ltrs Water Resistant Backpack,24,0.3,10
388,"Fur Jaden 55 LTR Rucksack Travel Backpack Bag for Trekking, Hiking with Shoe Compartment",34,0.1,10
389,Red Lemon Swisslook Polyester Bange Series 45L 15.6-inch Laptop Bags Backpack for Men and Women Waterproof USB Anti Theft ...,28,0.8,10
390,"Safari Flash Casual Backpack, 26 ltr Water Resistant Travel Bags| Weight Polyester Bagpack for Men and Women, Spacious Sho...",50,0.4,10
391,Fur Jaden Hiking Camping Rucksack Casual 10 Ltrs Blue Casual Backpack,6,0.2,10
392,"Safari Quill Laptop Backpack 26 Ltrs Water Resistant Fabric - Blue, L (QUILL19CBBLU)",12,0.2,10
393,"Genie Miami Casual Backpacks for Women, 14 inch, Stylish and Trendy College backpacks for girls, Water Resistant and Light...",20,1.0,10
394,F Gear Luxur Brown 25 liter Laptop Backpack (2404),20,0.5,10
395,Skybags New Neon 30 L Backpack (Green),41,0.7,10
396,"Genie Clara Backpack for Women - 3 compartments, Laptop Bags for Girls, Stylish and Trendy College Backpacks for Girls, Wa...",42,0.4,10
397,"Genie Lush School Bag for Girls, 17 inch Backpack for Women, 3 compartments Water Resistant Stylish and Trendy College Bac...",46,0.7,10
398,Half Moon Large 37L Laptop Bag Backpack for menं Women Boys and Girls Luggage Travel Bags with 17.3 inches Laptop Compartm...,49,0.9,10
399,Gear Vintage2 28L Faux Leather Water Resistant Anti Theft Laptop Bag/Backpack for Men/Women-Brown,33,0.0,10
400,POLICE Backpack for Men Casual Laptop Bag Office/Travel/College 30 Ltr Hedge Polyester - Black,35,1.0,10
401,Carbonado Turtle Unisex Waist Bag | Multipurpose Utility Waist Pouch | Cross Body | Strap to Leg or Hip | for Motorcyclin...,42,1.0,10
402,Wildcraft CL2 Laptop bagpack (Black),12,0.1,10
403,Aristocrat 45 Ltrs Black Rucksack,23,0.8,10
404,PUMA Laptop Backpack IND I Black- White,32,0.1,10
405,ADISA Large Laptop Backpack Office Bag College Travel Back Pack with USB (Grey),17,0.0,10
406,"Tripole Rain Cover for Backpack & Rucksack (Black, 75-100)",26,0.2,10
407,"Vezela Set of 4 Casual Laptop Bag (35L) with USB Charging Feature with Lunch Bag, Pencil Case & Pouch, School Bag for Girl...",9,0.6,10
408,"ASUS TUF Gaming VP4700 43.18 cm Backpack (Black), with Roll-Up Design, Reflective Logo, Suitable for up to 43.18 cm Laptop",31,0.3,10
409,Tinytot School Backpack College Backpack Travel Backpack Office Backpack for Boys & Girls,40,1.0,10
410,TRAWOC 65 Liter Internal Frame Trekking Hiking Backpack Travel Bag Front & Top Loading Rucksack / Water Proof Rain Cover /...,21,0.1,10
411,Wildcraft 35 Ltrs Orange Casual Backpack (11612-Orange),22,0.5,10
412,Skybags Unisex Purple Oxford 10L Backpacks,44,0.2,10
413,Trunkit Adventure Series Water Resistance Trekking Hiking Travel Bag with Shoe Compartment Rucksack - 55 L,32,0.9,10
414,Glowic Unisex's College Office Dual Compartment Canvas Laptop Backpack for Men and Women (WBAG-55) (Blue),27,0.8,10
415,"POLESTAR Ranker 15.6 inch 32 LTR Casual Laptop Backpack/Office Bag/School Bag/College Bag/Business Bag/Unisex Backpack, Wa...",16,0.6,10
416,Aristocrat 45 Ltrs Teal Blue Rucksack (Duro),15,1.0,10
417,F Gear Burner P8 19 Ltrs White Casual Laptop Backpack,31,0.6,10
418,Aristocrat Unisex Black Premium Polyester Fabric 28L Backpacks,12,0.9,10
419,Tripole Walker 65 litres Rucksack with 20 Litre Foldable Day Pack | Internal Frame with Metal Rod | Rain Cover | Bottom Op...,37,0.3,10
420,Red Lemon Titan Ultrafit Bange Series 55L Capacity 15.6-inch Laptop Backpack for Men and Women Outdoor and Camping Bags 3i...,41,0.8,10
421,Skybags Chase 32L Unisex Adjustable Strap Polyester Blue Backpacks,13,0.5,10
422,Aristocrat Unisex Navy Blue 400D 28.82L Backpacks,25,0.6,10
423,PALAY 9 ltrs (2 Cms) backpack(AZXO2-1KJ9ZNJ_black),49,0.9,10
424,Puma 22 ltrs (13 Cms) backpack(75487_Black-Golden logo),19,0.8,10
425,Godrej aer Matic Kit (Machine + 1 Refill) - Automatic Room Fresheners with Flexi Control Spray | Violet Valley Bloom | 220...,36,0.5,11
426,"Presto! Oxo-Biodegradable Garbage Bags, Large (24 x 32 inches) - 15 bags/roll (Pack of 6, Black)",23,0.8,11
427,Happilo 100% Natural Premium 200g Whole Cashews | Whole Crunchy Cashew | Premium Kaju nuts | Nutritious & Delicious | Glut...,32,0.6,11
428,beatXP Kitchen Scale Multipurpose Portable Electronic Digital Weighing Scale | Weight Machine With Back light LCD Display...,13,0.6,11
429,"Dettol Antiseptic Liquid for First Aid , Surface Disinfection and Personal Hygiene , 1000ml",29,0.9,11
430,"Scotch Double Sided Heavy Duty Tape(1m holds 4.5Kgs) for indoor hanging applications (Photo frames, Mirrors, Key Holders, ...",30,0.3,11
431,"Good knight Gold Flash, Mosquito Repellent Refill | 45ml each (Pack of 4)",5,0.2,11
432,"Bajaj DX-6 1000W Dry Iron with Advance Soleplate and Anti-bacterial German Coating Technology, White",19,0.2,11
433,"Maggi 2-Minute Masala Instant Noodles, 420 grams Pouch",27,0.3,11
434,STRIFF Adjustable Laptop Tabletop Stand Patented Riser Ventilated Portable Foldable Compatible with MacBook Notebook Table...,22,0.6,11
435,"Scotch-Brite 2-in-1 Bucket Spin Mop (Green, 2 Refills), 4 Pcs",34,0.1,11
436,"Tosaa Dry Fruit Cutter, Slicer, Grinder, Chocolate Cutter and Butter Slicer with 3 in 1 Blade, Almonds, Cashews- Color May...",47,1.0,11
437,"Dettol Skincare Moisturizing Bathing Soap Bar With Glycerine (Buy 4 Get 1 Free - 125G Each), Combo Offer On Bath Soap",14,0.2,11
438,"Involve Your Senses One Musk Organic Car Perfume Bar, Involve Your Senses Strong Fiber Air Freshener to Freshen'up Your Ca...",36,0.7,11
439,"Sunfeast Dark Fantasy Choco Fills, 300g, Original Filled Cookies with Choco Crème",33,0.3,11
440,"Recron Certified Dream Fibre Pillow (16X24, Fiber;Microfiber, White, Pack Of 2)",37,0.3,11
441,"Dettol Liquid Disinfectant for Floor Cleaner, Surface Disinfection , Personal Hygiene (Lime Fresh , 1L)",32,0.9,11
442,"Scotch-Brite Rubber Heavy Duty Hand gloves for Dishwashing, gardening, kitchen cleaning ( Inner cotton lining for comfor...",17,0.5,11
443,"GM 3060 E-Book 4 + 1 Power Strip 240 Volts with Master Switch, Indicator, Safety Shutter & 4 International sockets, Red & ...",16,0.6,11
444,"Wakefit Height Adjustable Hollow Fibre Sleeping Pillow with Zip | Set of 2 (White and Grey,  27 x 16 Inches) 3 Months Warr...",50,0.7,11
445,"Lexton 40 Feet LED Decorative String Light |for Indoor & Outdoor Decorations (Warm White, Pack of 1), standard (Lex-Strin...",41,0.0,11
446,"Scotch-Brite No-Dust Broom, Long handle, Easy floor cleaning (Multi-use)",48,0.7,11
447,Nivia Storm Football - Size 5,19,0.0,11
448,"Scotch-Brite Sponge Wipe, Pack of 5 (Color and Print May Vary)",13,0.7,11
449,"Yonex Mavis 200i Nylon Shuttle Cock, Pack of 6 (Yellow)",31,0.1,11
450,Good knight Gold Flash Liquid Vapourizer| Mosquito Repellent Refill | Lavender Fragrance | Pack of 3 (45ml each),6,0.2,11
451,"Signoraware Coconut Opener, Stainless Steel coconuts Drill Cutter with Cleaner Stick, Tender-Coconut Hole Remover Tool wit...",11,0.8,11
452,SYSKA Tuo Portable Rechargeable Led Lamp Cum Torch with Upto 4hrs Backup (Green-White) (1),8,0.9,11
453,"Dettol Intense Cool Bathing Soap Bar With Menthol (Buy 4 Get 1 Free - 125G Each), Combo Offer On Bath Soap",30,0.5,11
454,"Prestige Electric Kettle PKOSS - 1500watts, Steel (1.5Ltr), Black",43,0.4,11
455,Kuber Industries Nylon Mesh Laundry Basket|Sturdy Material & Durable Handles|Netted Lightweight Laundry Bag (Assorted),29,1.0,11
456,Bajaj Frore 1200 mm Ceiling Fan (Brown),17,0.8,11
457,Good knight Power Activ+ Liquid Vapourizer | Mosquito Repellent Refill | Pack of 6 (45ml each),47,0.9,11
458,"UAPAN Metal Craft Brass Manjeera Traditional Instrument Indian Music hand Cymbal (3 Inches, Pair)",14,0.3,12
459,"PreSonus Eris E3.5-3.5"" Near Field 25 Watts RCA Auxiliary Studio Monitor Speaker (Pair) - Black",9,0.5,12
460,Sichumaria 9 PCS Assorted Pearl Celluloid Guitar Picks 1.00mm,29,0.3,12
461,"Yamaha FS100C Acoustic Guitar, Black",29,0.1,12
462,"ARCTIC AR-GFR-01 Professional Level Metal Guitar Foot Rest, Foot stool/stand for Comfortable and convenient Guitar Playing...",40,0.4,12
463,D'Addario EZ900 85/15 Bronze Great American Extra Light Acoustic Guitar Strings,21,0.4,12
464,Cola Music Natural C Scale Flute,32,0.3,12
465,"YGM Acoustic Foams® Pyramid Acoustic (Set of 50), 32 Density Foam Panels 12"" X 12"" X 2 Inches, Soundproof Padding, Soundpr...",31,0.1,12
466,"Blue Snowball iCE Plug 'n Play USB Microphone for Recording, Streaming, Podcasting, Gaming on PC and Mac, with Cardioid Co...",29,0.5,12
467,"Blueberry CAPO-20, Guitar Picks Guitar Capo Quick Change Acoustic Guitar Accessories Trigger Capo Key Clamp Black With Fre...",32,0.2,12
468,"Tech-lobby® Sterio Sound Amplifier with USB,AUX,MIC,BLUTHOOTH,AV,2RC-Build in BLUTHOOTH with 4440 Double IC Circuit Power ...",8,0.3,12
469,AHUJA ABW-400UH Wireless UHF Microphone,47,0.1,12
470,"Sony ICD-UX570F Light Weight Voice Recorder, with 20hours Battery Life, 4GB Built-in Memory -Black",25,0.8,12
471,"MAONO AU-MH501 Over-Ear Wired Studio Headphones, Stereo Monitor Closed Back Headsets with 50mm Driver and Lightweight Fold...",12,0.5,12
472,Delidge Portable 3.5mm Stereo Studio Mic KTV Karaoke Mini Microphone for Cell Phone Laptop PC Desktop Small Size Mic,35,0.2,12
473,kh UHF Wireless Microphone Handheld Microphone Wireless with Rechargeable Receiver Rechargeable Mic System for House Parti...,20,0.2,12
474,Technobuyers 32 Keys Melodica with Numbered Keys for Beginners (Blue),35,0.5,12
475,WRIGHT WR BM 800 Condenser Microphone with USB Sound Card Mic Stand and pop filter for wr bm 800 studio mic singing and po...,7,0.2,12
476,"IS IndoSurgicals Tuning Fork (128, 256, 512 and 1024 Hz) - Set of 4 Pieces",21,0.2,12
477,"Artist International ™ Guitar Stand Wooden Horizontal Guitar Hanger,Acoustic Guitar Wall Mount,Electric Guitar Wall Hanger...",47,0.2,12
478,"Roar Drum Practice Pad -12 inches, Black (Practice pad only) (12 inches)",14,0.7,12
479,"JUAREZ Professional Metal Capo JRZ300 Black for Guitars, Ukuleles",10,0.9,12
480,Jim Dunlop John Signature Petrucci Jazz III Guitar Picks - 6 Pack,22,0.6,12
481,Casio CBC700 Carry case for CT-X8000IN and CT-X9000IN,35,0.5,12
482,Galux GC-501A 3in1 Zinc Metal Capo for Acoustic and Electric Guitar ( Brushed Gun ).,12,0.6,12
483,(COMBO PACK-2) Professional Collar Mic for YouTube Grade Lavalier Microphone Omnidirectional with Easy Clip On System ­ Pe...,35,1.0,12
484,VEROX 3.5 mm TRRS Male To Female Aux Extension Cable with Microphone Support 4 Pole Golden Plated Stereo Audio Cable Compa...,44,0.5,12
485,BOYA BY-WM3T2-D1 Wireless Lavalier Microphones for iPhone iPad Phone Omnidirectional External Mini Lapel Lightning Microph...,10,0.1,12
486,"Blueberry Keyboard Bag Compatible with Casio SA-46, Casio SA-47 & Casio SA-48 Digital Keyboard",41,0.4,12
487,MMT Acoustix® Door Bottom Seal Strip | Self Adhesive Door Seal Bottom | Waterproof & Soundproof | 1mtr x 50mm Brown,17,0.3,12
488,Sai Musical Steel Dhol Tasha Drum with Stick,10,0.1,12
489,EAST TOP Updated FORERUNNER 2.0 without valves Chromatic Harmonica 12-Hole 48 Tones C Key Chromatic Mouth Organ Harmonica ...,20,0.7,12
490,JUAREZ KLM50 KALIMBA NATURAL,48,0.5,12
491,CLAW SM50 Professional Studio Monitoring DJ Headphones with 2 detachable cables (2.8m Coiled Cable & 1.2m Straight Cable w...,50,0.2,12
492,Radel Saarang Micro V6 Digital Tanpura,44,0.0,12
493,"Sennheiser Vocal Microphone E825-S Cardiod Mic with On/Off Switch, ideal for vocal, instrument miking and club PA.",19,0.9,12
494,"SACRIS Dynamic Lapel Collar Mic Voice Recording Filter Microphone, Digital Noise Cancellation Clip Collar Mic Condenser fo...",10,0.4,12
495,AHUJA AWM-495VL WIRELESS TIE CLIP AND HEADBAND MICROPHONE,27,0.8,12
496,KEBILSHOP XLR Female to 1/4 Inch 6.35mm TRS Adapter (1 pcs) - Female XLR to 1/4 Inch Stereo Male Balanced Audio Connector...,22,0.5,12
497,"UG Products 2-Piece Brass Thalam Musical Instrument/Manjira Hand Percussion Finger Cymbals/Taal Jathi, Silver & Gold",49,0.8,12
498,"Yamaha FS80C Acoustic Guitar Cutaway Concert Body With Mexa Sponge Bag, Guitar Belt, Guitar Stand, String Set & Plectrum...",17,0.8,12
499,Sinha Ghungroo Pad For Protection (Large),50,0.4,12
500,Roland E-X30 Arranger Keyboard 61-keys with Carry Bag,23,0.3,12
501,Cezo BM 800 Professional Condenser Microphone All Set for YouTube |Studio Recording Singing & Podcast |Professional Microp...,12,1.0,12
502,TECHBLAZE Orchestral Music Notation Stand for Singers Portable 3 Folding Music Stand Holder Heavy Book Singing Stand Scrip...,44,0.8,12
503,BATA womens Ortho Comfit Ladies Flip-Flops,46,0.0,13
504,Campus Women's Alexa Running Shoes,22,0.2,13
505,ASIAN Women's Trendy-21 Casual Sneaker Colour Changing Shoes with Extra Cushion Lightwight Lace-Up Shoes for Women's & Girl's,9,0.8,13
506,BATA womens Ortho Lds Slipper,26,0.3,13
507,Daily Use Slippers For Women/Bathroom Slippers/Home Slippers/All day wear FL-427,5,0.0,13
508,Sichumaria Anti-Wrinkle Shoes Flod Protectors Toe Box Defloder Shoes Flod Guards for Sneaker and Casual Shoes Soft Materia...,26,0.7,13
509,BATA Women's Vintage Th Flip Flop,40,0.3,13
510,FLITE Women's Fl0366l Slippers,5,0.9,13
511,Sparx Womens Sx0167l Running Shoes,45,0.5,13
512,Red Tape Women's Walking Shoes,35,0.5,13
513,Campus Women's Sd-062 Outdoor Sandals,9,0.1,13
514,FLITE womens Fl0291l Flip-Flop,14,0.9,13
515,BATA Womens Felice Espadrilles,19,0.2,13
516,Duosoft House Slipper for Women's Care Dr Orthopaedic Super Comfort Fitting Flat Cushion Chappal Flip-Flop for Ladies and ...,27,0.5,13
517,Campus Women's Cristy Running Shoes,32,0.2,13
518,"DOCTOR EXTRA SOFT Flexible Memory Foam Women's Shoes for Walking Gym Training,Casual, Sports,Slip-On,Lightweight Lace up A...",49,0.3,13
519,FLITE Women Flip-Flops,47,0.6,13
520,"TRASE Women's Fashion Sandals | Light weight, Comfortable & Trendy Flatform Sandals for Girls | Soft Footbed | Casual and ...",20,0.4,13
521,DOCTOR EXTRA SOFT House Slipper for Women's Care Dr Orthopaedic Super Comfort Fitting Flat Cushion Chappal Flip-Flop for L...,7,0.4,13
522,BATA Women's Tricia Fashion Sandals,17,0.2,13
523,DRUNKEN Slipper For Men's and Women's Flip Flops Massage Fashion Slides Open Toe Non Slip,38,0.9,13
524,"ASIAN Women's Cute Sports Running Shoes,Walking, Gym Casual Sneaker Lace-Up Shoes for Girl's",36,0.8,13
525,"Dr Foot Heel Grips for Men and Women, Self-Adhesive Heel Cushion Inserts Prevent Heel Slipping, Rubbing, Blisters, Foot Pa...",5,0.6,13
526,Campus Women's Jessica Running Shoes,34,0.6,13
527,"Kraasa Casual Sneakers for Women | Latest Trend Casual Shoes, Walking Shoes for Women",48,0.9,13
528,Liberty Women LPMXT-801 Casual Clogs,50,1.0,13
529,crocs unisex-adult Bayaband Slide Sliders,25,0.0,13
530,"BATA Women Sepia Sneakers, Grey, (5592715)",40,0.2,13
531,Sparx Womens Sx9036l Loafer,26,0.3,13
532,BATA Women's Cicilia Sandal,48,0.6,13
533,Sparx womens Sf0019l Flip-Flops,29,0.5,13
534,ASIAN womens Melody-71 Loafer,10,1.0,13
535,SHOEGR Sneaker Crease Remover | Shoe Crease Decreaser for both Men & Women | Pack of 1 (Large (UK7-UK12)),14,1.0,13
536,ORTHO JOY Doctor Orthopedic Soft Slippers For Ladies Daily Use/mcr chappals for women/ortho slippers women,39,0.6,13
537,Hush Puppies Men's Charles Toe Ring Flip Flops Thong Sandals,16,0.0,13
538,PARAGON Women's Solea Ankle Strap,34,0.6,13
539,crocs unisex-adult Classic Flip Flip-Flop,15,0.0,13
540,MOHUK Round Open Toe Kolhapuri Style Flat Sandals for Women,21,0.9,13
541,layasa Comfotable Lightweight Casual Sneaker for Women/Girls,25,0.7,13
542,Doctor Walk House Slipper for Women's Care Dr Orthopedic Super Comfort Fitting Flat Flip-Flop for Ladies and Girl’s_04ome...,36,0.3,13
543,BATA Women's Aerial Sandal Flat,39,0.8,13
544,"ASIAN Women's Elasto-02 Knitted,Sports,Walking,Slipon Shoes",5,1.0,13
545,BATA Women's Shine Tr Flat Sandal,8,0.4,13
546,BATA womens Laser Stud Mule Slipper,29,0.1,13
547,Sparx Women's Velvet Basic Flip-Flops and House Slippers,17,0.5,13
548,Paragon Women's Fashion Sandals,27,0.6,13
549,BATA Women Deva Thong Slippers,14,0.8,13
550,PARAGON Women's Trendy Maroon Sandals,35,0.2,13
551,Skechers womens Vinyasa - Stone Candy SLIPPER,49,0.3,13
552,ORTHO JOY Extra-Soft Comfortable Fancy Slippers Flip Flop for women,23,0.7,13
553,Campus Women Aanya Walking Shoes,12,0.5,13
554,BATA Women's Bari Fashion Slippers,37,0.7,13
555,"TRASE Women's Fashion Sandals | Light weight, Comfortable & Trendy Floaters for Girls & Women | Soft Footbed, Casual and S...",9,0.4,13
556,layasa Comfotable Lightweight Casual Sneaker for Women/Girls743,33,0.8,13
557,POLITA Women's Flip Flop & Slippers Black,40,0.1,13
558,Neeraj Traders Woman Transparent heels Sandals | Heel Sandals For Women's and Girl's | Women Sandals (Heel Sandal),41,0.2,13
559,Mochi Womens Synthetic Mules,49,0.2,13
560,BATA Womens Terrance Cushion Brown Slipper - 9 UK (8714843),21,0.9,13
561,Crocs Women KadeeII White Sandal- (206756-100) - 7 UK Women (W9),21,0.3,13
562,Shoestail Women's Flip-Flops & Slippers | Doctor Ortho Comfortable Chappal for Women & Girls | Comfortable & Stylish | Dia...,6,0.6,13
563,ZOVIM Women Shoes Chunky Sneakers Shoes for Womens and Girls Stylish R5,26,0.8,13
564,"ASIAN Women's Barfi-02 Running,Walking,Gym,Training,Casual,Sports Shoes…",47,0.2,13
565,BATA Girl's Eleanor Mule Slipper,49,0.9,13
566,Flavia Women's Running Shoes,36,0.8,13
567,crocs Women's Outdoor Sandals,22,0.5,13
568,Flavia Women's Sneaker,10,0.5,13
569,Puma Women's Love Wn S Closed Shoe,14,0.4,13
570,ASIAN Women's & Girl's Slipper…,21,0.2,13
571,Nike Men's Air Max Infuriate 2 Mid Premium,36,0.7,14
572,Jockey 2714 Men's Super Combed Cotton Rich Solid Round Neck Half Sleeve T-Shirt,10,0.4,14
573,Campus Men's Running Shoes,24,0.4,14
574,"Nivia Flash Shoe Badminton Shoes for Mens | Rubber Sole with PVC Synthetic Leather Upper and mesh for Sports, Badminton, V...",6,0.5,14
575,Jockey Men's Cotton Sport Shorts,13,0.5,14
576,Power Mens Lionel Casual Shoes,21,0.6,14
577,Bourge Mens Loire-z55 Running Shoes,10,0.9,14
578,Sparx Mens Sx0614g Running Shoe,22,0.7,14
579,Jockey Men's Regular Shorts,28,0.8,14
580,Sparx Men's Running Shoes,35,1.0,14
581,New Balance Men's Me771,9,0.4,14
582,"Timberland White Ledge Men's Waterproof Boot,Dark Brown,10.5 M US",43,1.0,14
583,Bourge Mens Loire-z189 Running Shoes,35,0.5,14
584,Campus Men's Running Shoes,37,1.0,14
585,Sparx Mens Sx0406g Running Shoes,32,0.4,14
586,Jockey Mens Slub Casual Track Pant,47,0.6,14
587,Bourge Mens Loire-z190 Running Shoes,43,1.0,14
588,Woodland mens G 40777cma Sneaker,39,0.4,14
589,Campus mens City-ride Running Shoe Sport shoe,17,1.0,14
590,Campus Men's Kent Running Shoes,42,0.7,14
591,Jockey Men's Navy & Charcoal Melange Regular Fit T-Shirt,21,0.5,14
592,"Timberland White Ledge Men's Waterproof Boot,Dark Brown,11.5 W US",47,0.6,14
593,Sparx Men Running Shoes,32,0.5,14
594,Jockey Men's Cotton Shorts,10,0.3,14
595,Adidas Mens Yking 2.0 Running Shoe,47,0.4,14
596,Sparx Men's Mesh Running Shoes,41,0.6,14
597,Sparx Mens Sm-610 Running Shoe,47,0.8,14
598,Puma Unisex-Adult Flex Essential Slip on Sneaker,37,0.3,14
599,Adidas Men's Agora 1.0 Multisport Training Shoes,39,0.7,14
600,Chromozome Men's Regular Fit Cotton Track Pants,17,0.8,14
601,"Nike Mens Air Fear of God 1"" RAID Black/Black-Fossil Synthetic",45,0.5,14
602,Sparx Men's Sx0421g Running Shoes,21,0.8,14
603,Bacca Bucci Men's Walking Shoe,42,0.8,14
604,Campus Mens Stonic Running Shoes,24,0.1,14
605,Campus Men's Dragon Running Shoes,21,0.1,14
606,"Van Heusen Athleisure Men Regular Fit Track Pants - Cotton Rich - Smart Tech, Easy Stain Release, Anti Stat, Ultra Soft, Q...",24,1.0,14
607,LANCER Mens Indus-251 Sports Shoes,11,0.7,14
608,Campus Men Triggeer Black Running Shoes,44,0.8,14
609,Nivia Men Marathon Running Shoe for Mens | Rubber Outsole with Breathable Mesh Upper with PVC Synthetic Leather | Die Cut ...,45,0.3,14
610,Jockey Men's Cotton Track Pants,48,0.8,14
611,Merrell Moab Adventure Lace Hiking Shoe Black 7 C/D US,25,0.6,14
612,"Chromozome Men Slim Fit Polyester, Cotton Track Pant",48,0.4,14
613,Campus Men's Royce-2 Running Shoes,31,0.6,14
614,Amazon Brand - Symactive Men's Regular Sports T-Shirt,34,1.0,14
615,Puma Mens Jaunt Sneaker,47,0.1,14
616,Sparx mens Sm-500 Running Shoe,25,0.8,14
617,Adidas Men's Adispree 5.0 M Running Shoes,27,0.3,14
618,Puma Men Movemax IDP Sneakers,41,0.3,14
619,Adidas Men's Drogo M Running Shoes,37,0.1,14
620,Merrell Men's Moab 2 Waterproof Hiking Shoe,14,0.9,14
621,Fusefit Mens Xtream Running Shoes,6,0.0,14
622,Campus Men's Trophy Running Shoes,50,0.3,14
623,Bacca Bucci Men's Running Shoe,36,0.2,14
624,Nivia Dominator 2.0 Football Shoes for Mens | TPU Sole with Direct Injection Molding Technology | A Moulded Removable E.VA...,7,0.7,14
625,Adidas mens Glarus M Running Shoes,22,0.2,14
626,Jockey Mens 3 Pocket Solid Track Pants,50,0.3,14
627,Campus Mens Jasper Running Shoes,26,0.2,14
628,Bourge Mens Moda-z1 Running Shoes,5,0.6,14
629,"Merrell Men's Moab 2 Vent Hiking Shoe, Walnut, 11 M US",9,0.5,14
630,Bourge Mens Loire-z146 Running Shoes,39,0.5,14
631,Power Men's Lionel Running Shoes,19,0.1,14
632,Sparx Mens Sx0438g Running Shoes,49,0.8,14
633,Sparx Men SM-008B Sports Shoes,15,0.5,14
634,Sparx mens Sx0406g Running Shoes,14,0.8,14
635,Sparx mens Sm-632 Running Shoe,25,0.1,14
636,Reebok Men's Energy Runner LP Nacho/Conavy/None Running Shoes,49,0.3,14
637,Nivia Running Spikes Strider 2.0,26,0.2,14
638,Merrell Men s J06029w,23,0.2,14
639,Sparx Mens Sx0414g_spx Running Shoes,47,0.1,14
640,"Nivia Men's Encounter Sports Polyester Short Socks, Pack of 3 (Assorted Colour, Large, SS994)",21,0.5,14
641,"Wet n Wild Lipstick, Mocha (Matte)",49,0.6,15
642,MyGlamm Super Serum BB Cream - 201 Pine - 15gm | BB Cream with SPF 50 & Hyaluronic Acid | 24 Hr Long Lasting & Hydrating,14,0.3,15
643,"Pond's Natural Glow Face Powder, Pink Glow - 30G",45,0.4,15
644,"MINISO Synthetic Bristle Makeup Brush Set- Pink, 7 Piece",21,0.7,15
645,"URBANMAC Blush Brush for Makeup, Foundation Brush for Face Blush Liquid Powder Foundation Blusher Brush for Blending Liqui...",34,0.3,15
646,"MyGlamm POPxo Makeup Collection No Drama, Mini Lip Kit Lipstick, Nude Lipstick, Crème Finish, Paraben Free, Long Lasting F...",49,0.3,15
647,"Love Earth Lip Tint & Cheek Tint Multipot-Be The Change With Richness Of Jojoba Oil And Vitamin E For Lips, Eyelids & Chee...",42,0.2,15
648,"Lakme Insta Eye Liner, Black Semi_Matte Finish, Water Resistant, Long-Lasting, 9 Ml",9,0.3,15
649,Swiss Beauty Real MakeUp Base Hightlighting Primer| Skin-hydrating Poreless Primer with Natural Glow finish for Face makeu...,14,1.0,15
650,"Plum Naturstudio All-Day-Wear Kohl Kajal, Matte Finish Black Brilliance With Free Sharpener, Smudge-Proof, Waterproof, 2-I...",43,0.6,15
651,"Blue Heaven Flawless Makeup Base Primer For Face Makeup, 30gm",23,0.3,15
652,"Maybelline New York Hypercurl Mascara, Curls Lashes, Highly Pigmented Colour, Long-lasting, Washable, Black 9.2ml",49,0.8,15
653,"SUGAR POP Longwear Kajal Matte Finish, Intense Dark Kohl Kajal For Women Long Lasting, Smudge Proof, Water Proof, Single S...",35,0.1,15
654,"Wet n Wild Ultimate Brow Kit, Eyebrow Kit to Shape, Define and Fill the Eyebrows, Kit with 1 Brow Wax, 2 Fixing Powders, 1...",24,0.6,15
655,"Mamaearth Soothing Waterproof Eyeliner With Almond Oil & Castor Oil For 10 Hour Long Stay, Black, 3.5ml Matte Finish",37,0.2,15
656,"Swiss Beauty Eyebrow Definer Pencil with Spoolie | Smudge proof, Waterproof and Pigmented Eyebrow pencil |Shade - Coco Bro...",10,0.8,15
657,"LAKMÉ Absolute Shine Liquid Eye Liner Glossy Finish, Black, 4.5ml",31,0.8,15
658,INSIGHT COSMETICS PORE MINIMIZER PRIMER,29,0.0,15
659,"Maybelline New York Liquid Foundation, Matte Finish, With SPF, Absorbs Oil, Fit Me Matte + Poreless, 115 Ivory, 30ml",10,0.9,15
660,"Lakmé Perfecting Liquid Foundation, Marble, Waterproof Full Coverage Long Lasting - Light Oil Free Face Makeup With Vitami...",19,0.2,15
661,"Earth Rhythm Lip, Cheek and Eye Shadow Tint Mermaid, with Goodness of Jojoba Oil and Pomegranate, Nourishes Hydrates Dry C...",20,0.7,15
662,"Maybelline New York Pencil Radiant Concealer, Dark Circles and Blemish Ultra Blendable, Instant Anti Age Eraser, Caramel, 6g",30,0.5,15
663,"FACES CANADA Ultime Pro Intense Gel Kajal With Smudger & Sharpener - Black, 1.2 g | 24 Hr Long Stay | Waterproof & Smudgep...",9,0.1,15
664,"Elle18 Color Pop Matte Lip Color, W12, Mauve Date, 4.3 g",20,0.6,15
665,Mamaearth Glow Serum Foundation Lotion with Vitamin C & Turmeric for 12-Hour Long Stay - 01 Ivory Glow - 30 ml Dewy Finish,45,0.6,15
666,"Maybelline New York Lipstick, Matte Finish, Non-Sticky and Non-Drying, Sensational Liquid Matte, 21 Nude Nuance, 7ml",15,0.2,15
667,"FACES CANADA Magneteyes Eyeliner - Black, 3.5ml | Intense Matte Finish | Quick Drying | 24HR Long Lasting | Fine Tip For P...",37,0.9,15
668,"Swiss Beauty Premium Synthetic Bristle Professional Face and Eye Makeup Brushes Set with 6 makeup brushes | For Cream, Liq...",39,0.8,15
669,"FACES CANADA Ultime Pro Makeup Fixer, 50 ml | Long Lasting Makeup Setting Spray | Keeps Makeup Intact | Hydrates, Soothes...",43,0.0,15
670,"Maybelline New York Liquid Matte Lipstick, Long Lasting, 16hr Wear, Superstay Matte Ink, Ruler, 5ml",35,0.9,15
671,"Swiss Beauty Ultimate 9 Pigmented Colors Eyeshadow Palette Long Wearing And Easily Blendable Eye Makeup Palette Matte, Shi...",9,0.5,15
672,"Insight Non Transfer Lip Color, Matte Finish, 4ml (01 Joyfull)",35,0.3,15
673,"Farmherbs 100% Herbal Kajal Stick for Adults - Olive wax based, Certified Lead-free, irritation-free, waterproof, relaxing...",16,0.2,15
674,"LAKMÉ Sun Expert Ultra Powder Matte SPF 40 PA+++ Compact, 7g",24,0.2,15
675,Fair And Handsome Long Lasting Radiance Cream™,45,0.6,15
676,"THR3E STROKES Makeup Sponge Set Beauty Blender with Egg Case, Soft Sponge For Liquid Foundation, Creams, and Powders, Late...",26,0.5,15
677,"FACES CANADA Magneteyes Dramatic Volumizing Mascara - Black, 9.5ml | Lightweight, Denser & Longer Lashes | Intense Black F...",47,0.7,15
678,"Swiss Beauty Waterproof Liquid Black Eyeliner | Smudge Proof, Transfer Proof Eye Liner for Eye Makeup |Black, 4ml |",6,0.9,15
679,"20 Sheets Temporary Tattoos Sticker Kids Glow Kids Temporary Tattoos Unicorn Toy ,Waterproof Luminous Tattoo Sticker, Unic...",28,0.4,15
680,"Angelie Nylon Bristle Makeup Cosmetic Brush- Natural White, 1 Piece",24,0.5,15
681,"RETRIX Make Up Combo Kit For Girls & Women, 1Makeup Fixer, 1 Primer, 2 In 1 Concealer And Highlighter Stick, 1 High Defini...",6,0.8,15
682,"ZM Zayn & Myza My Hue pH Lip Tint, Glossy Finish, Enriched with Argan Oil & Vitamin E, Transfer Proof, Long Lasting & Mois...",28,0.7,15
683,"Swiss Beauty Stain Matte Lipstick | Long Lasting, Hydrating & Lightweight Lipstick | Hot Nude, 3.4gm|",16,0.6,15
684,"COSLUXE Mini Finger Powder Puff 4 pcs Finger Makeup finger beauty blender Sponges, Mini Soft Cosmetic Finger Puff, Perfect...",6,0.6,15
685,"Swiss Beauty Brick Highlighter | Highly-pigmented Powder Highlighter +  Bronzer with Easy-to-blend Formula | Shade- 2, 7g |",26,0.2,15
686,"Himalaya Herbals Kajal,Black, 1g Matte Finish",19,0.2,15
687,"Blue Heaven Oil infused Micellar Cleansing Water, 125ml",50,0.6,15
688,"LAKMÉ Absolute Shine Liquid Eyeliner Sparkling Olive Colour, Long Lasting Shimmery Liner for a Glossy Finish - No Fade, Sm...",46,0.7,15
689,"Love Earth Lip Tint & Cheek Tint Multipot Combo (Rose Pink & Coral) with Richness of Jojoba Oil and Vitamin E for Lips, Ey...",23,0.7,15
690,"Mattlook Perfect Brow Duo-Shade Brow Powder, Eyebrow Palette With Smudger Brush, Eye Makeup, Multicolor-3 (8gm)",5,0.3,15
691,Tiny Deal Moisturizing And Hydrating Lip Gloss Tint For Dry And Chapped Lips In Cute Heart-Shaped Packaging- Multicolour M...,12,0.6,15
692,MAYCREATE® 5 Pairs Beauty Makeup Handmade Messy Cross Style False Eyelashes Green,42,0.3,15
693,"Maybelline New York Cream Brow Pencil, Heatproof and Waterproof, Long-lasting, Fashion Brow, Dark Brown, 1.1g",6,0.5,15
694,"Blue Heaven Hyper Matte Foundation (302 Honey Tan, Cream, 30 ml)",49,0.8,15
695,"10 Sheets Temporary Tattoo Stickers for Women,Fake Tattoos Waterproof Body Art Arm Sketch Tattoo Stickers dream catcher pe...",30,0.7,15
696,"PRAUSH (Formerly Plume) Silk Blur Moisturising & Hydrating Primer With Hyaluronic Acid And Avocado Extracts, 50 Gm, Pink",38,0.6,15
697,"MACPLUS Eye Shadow Makeup Brushes- Black, Set 8 pc",19,0.4,15
698,"Wet n Wild, Color Icon Glitter Single Eyeshadow, Shiny Single Eyeshadow with Hydrating Formula and Silky Texture, Professi...",21,0.3,15
699,"Wet n Wild Ultimate Brow Retractable Pencil,Retractable Eyebrow Pencil with Triangular & Ultra-precise Pencil Point,Pigmen...",22,0.1,15
700,"Lakmé Absolute PR Skin Lightening Pressed Compact Powder, Natural Finish SPF 23 IF, 8g",39,0.2,15
701,Beauty Color Board Eyeshadow Palette Eyes Shadow 60 Color Makeup Palette Highlighters Eye Make Up High Pigmented Professio...,32,0.8,15
702,"The Face Shop Waterproof and Long Lasting Water Fit Lip Tint, Lip Stain, Matte Finish, 5g - Cherry Kiss",50,0.2,15
703,"INSIGHT Non Transfer Lip Color, 4ml (LG40=30)",39,0.1,15
704,"EARTH HEAVEN Fabulous 5in1 Lipsticks Matte Finish Combo Pack for Women, Red and Nude Edition",39,0.9,15
705,Bangalore Refinery 999 Purity Silver Bar 500 Gram,24,0.4,16
706,Bangalore Refinery 999 Purity Silver Bar 100 Gram,5,0.4,16
707,Malabar Gold & Diamonds 24k (999) Rose 10 gm Yellow Gold Bar,28,0.6,16
708,Kisna 24kt (999) 10gr Yellow Bar,5,0.8,16
709,100 Grams Fine Silver 999 Precious Banyan Tree Bar BIS Hallmarked with Certi Card & Box Packing,24,0.8,16
710,Malabar Gold & Diamonds 24k (999) Rose 1 gm Yellow Gold Bar,12,0.1,16
711,Bangalore Refinery 24k (999.9) 2gm + 1gm Combo Yellow Gold Bars,20,0.9,16
712,Malabar Gold & Diamonds 24k (999) Rose 2 gm Yellow Gold Coin,37,1.0,16
713,Dine Gems Precious White D Colour Diamond Stone Lab Certified डायमंड स्टोन ओरिजिनल सर्टिफाइड 1.50 Carat Diamond Round Cut ...,7,0.3,16
714,Bangalore Refinery 999 Purity Silver Bar 50 Gram,43,0.9,16
715,Malabar Gold & Diamonds 24k (999) Rose 2 gm Yellow Gold Bar,21,0.8,16
716,Malabar Gold & Diamonds 24k (999) Goddess Lakshmi 1 gm Yellow Gold Coin,40,0.7,16
717,Yellow Chimes 2 Rings for Men 2 Pcs Combo Dragon Celtic Inlay Polish Finish Titanium Steel Black and Blue Rings for Men & ...,16,0.5,16
718,Malabar Gold & Diamonds 22k (916) 1 gm Yellow Gold Coin,13,0.6,16
719,Fashion Frill Men's Double Coated Popular Stainless Steel Silver Chain For Men Boys Stylish Chains Necklaces Silver,6,0.1,16
720,Joyalukkas Flower Design 2 grams 24kt Gold Bar,6,0.3,16
721,Pyrite Stone Original Cluster Samples - 40 to 80 Grams High Energy Natural Iron Pyrite Stone Gold Rock Reiki Crystal Used ...,35,0.8,16
722,Malabar Gold & Diamonds 22k (916) 1 gm Yellow Gold Coin,17,0.8,16
723,Malabar Gold & Diamonds 24k (999) Rose 10 gm Yellow Gold Coin,47,1.0,16
724,okos Men's Jewellery 3D Cuboid Vertical Bar/Stick Stainless Steel Locket Pendant Necklace for Boys and Men PD1000871,31,0.1,16
725,okos Men's Stainless Steel Jewellery Set Combo Pack of 2 Cuboid Vertical Bar Pendant With 1 Rhodium Plated Rice Shape Link...,33,0.7,16
726,Malabar Gold & Diamonds 24k (999) Goddess Lakshmi 2 gm Yellow Gold Coin,37,0.1,16
727,MMTC-PAMP Lotus 999.9 / 24K 1 gm Yellow Gold Bar,23,0.4,16
728,Yellow Chimes Kada Bracelets for Men Stainless Steel Black Kadaa Bracelet for Men and Boys.,50,0.5,16
729,Malabar Gold & Diamonds 24k (999) Goddess Lakshmi 10 gm Yellow Gold Coin,29,0.4,16
730,"Kundan 10 gm, 24k(999.9) Yellow Gold Kalpataru Tree Precious Bar",24,0.8,16
731,WHP Jewellers 24k (999) Yellow Gold Bar,37,0.0,16
732,okos Men's Fashion Jewellery High Polished Stylish Stainless Steel Full Kada Style Bracelet For Boys and Men BR1000049,38,0.4,16
733,Malabar Gold & Diamonds 22k (916) 10 gm Yellow Gold Coin,17,0.4,16
734,"Malabar Gold & Diamonds 999 Purity 5 Gms, 24K Rose Gold Coin (Mgrs999P5G)",44,0.3,16
735,250 Grams Fine Silver 999 Precious Banyan Tree Bar BIS Hallmarked with Box Packing,10,0.7,16
736,okos Men's Fashion Jewellery Solid Spear Point Arrowhead Pendant Necklace With Chain For Boys and Men PD1000875,13,0.2,16
737,Nakabh Stainless Steel Rice Chain for Men and Boys,27,0.3,16
738,Bangalore Refinery 999 Purity Silver Bar 250 Gram,38,0.1,16
739,Malabar Gold & Diamonds 24k (999) Goddess Lakshmi 5 gm Yellow Gold Coin,49,0.8,16
740,Thrillz Silver Chain For Boys Silver Plated Chains For Boys Men Jewellery Alloy Silver Chain Mens Jewellery Necklace Chain...,29,0.6,16
741,Bangalore Refinery 999 Purity Silver Bar 20 Gram,18,0.0,16
742,Yellow Chimes Leather Bracelet for Men Magnetic-Clasp Genuine Leather Braided Multi-Layer Wrap Black Bracelet For Men and ...,30,0.3,16
743,Chakradhari Flat Pure Nepaliya Copper Kada For Astrology And Ayurved Free Size For Men,13,0.8,16
744,Malabar Gold & Diamonds 22k (916) 5 gm Yellow Gold Coin,45,0.2,16
745,Malabar Gold & Diamonds 24k (999) Rose 1 gm Yellow Gold Coin,38,0.4,16
746,Shining Diva Fashion Genuine Leather Bracelet Wraps Casual Skin Friendly Bracelets for Men Boys,40,0.9,16
747,Young & Forever Valentine Gift Men-Tastic Collection Boho Bohemian Vintage Double Ring Pendant Adjustable Leather Cord Men...,10,0.9,16
748,Melorra 22kt 20gm gold coin (916),46,0.8,16
749,Venus Gems Gallery Real Diamond Ring 2 Carat Original Certified हीरे की अंगूठी VVS1 Clarity Heera Ring for Women D Color H...,29,0.3,16
750,100 Grams Fine Silver 999 Precious Buddha with Kalpvriksha Tree Bar BIS Hallmarked with Certi Card & Box Packing,19,0.6,16
751,Yellow Chimes Earrings for Men & Boys | Fashion Hoop Earring for Men | Stainless Steel Huggie Hoop Earrings | Accessories ...,20,0.8,16
752,Bangalore Refinery 24k (999) Goddess Lakshmi 1 gm Yellow Gold Coin,50,0.4,16
753,"Joyalukkas Assayer Certified 1 gm, 24k (999) Yellow Gold Precious Bar",31,0.1,16
754,BELLINA (Pack Of 3) Trending Alloy Metal Finger Ring Set With Black Cuboid Rectangle Neck Pendant For Boys And Men,42,0.6,16
755,Yellow Chimes Western Style 316L Stainless Steel Hoop Earrings for Men and Women,38,0.9,16
756,Joyalukkas 22k (916) 8 gm BIS Hallmarked Yellow Gold Precious Coin with Lord Lakshmi Design,32,0.6,16
757,Kundan 0.25g Gold Coin 24k (999.9),36,0.7,16
758,Kundan 5 gm 24k (999.9) Kalpataru Tree Yellow Gold Bar,47,0.4,16
759,Yellow Chimes Classic Stainless Steel Silver Box Chain Necklace Silver Plated Chain for Men (Silver) (YCSSCH-216BOX-SL),44,1.0,16
760,Yellow Chimes Pendant for Men Black Men Pendant Powerful Sun Sign Stainless Steel Chain Pendant for Men and Boys.,47,0.2,16
761,MEENAZ Chain for Men boyfriend Jewellery Stainless Steel Valentine Long Chain Gents Platinum Necklace Silver Chain for Men...,36,0.5,16
762,Bhima Jewellers 22k (916) Goddess Lakshmi and Lord Ganesha 8 gm Yellow Gold Coin,20,0.0,16
763,Yellow Chimes High Polished Stainless Steel Kadaa Stylish Black Leather Bracelets for Men and Boys,36,0.1,16
764,"Rudraksha Mala For Men, 108 Beads Original Panchmukhi Rudraksha Japa Mala - Aaa Grade 5 Mukhi Rudraksha Mala For Protectio...",24,0.0,16
765,Kundan 24k (999.9) Lord Ganesh 8 gm Yellow Gold Bar,16,0.5,16
766,Candere by Kalyan Jewellers 24k (995) 10 gms Yellow Gold Bar,30,0.9,16
767,ELECTROPRIME Star of David Stud Earrings Stainless Steel Jewish Ear Studs Jewelry 3 Pairs,23,0.1,16